_id,id_curso,nome,nome_campus,municipio,uf,coordenador,situacao_curso,ciclo_academico,nivel_academico,modalidade,regime,homepage_curso,programa,area_capes,data_atualizacao
616ab589-462f-4630-815d-0437f1ecf1a4,ESP110,Residência Médica em Alergia e Imunologia Pediátrica,Passo Fundo,PASSO FUNDO,RS,ARNALDO CARLOS PORTO NETO,Ativo,Lato Sensu,Especialização,Presencial,Sequencial,,PRMEPF: Programa de Residência Médica Passo Fundo,MEDICINA,2020-08-11
df38387b-e17e-4eaa-bff2-97c3564436db,ESP130,Residência Médica em Psiquiatria,Passo Fundo,PASSO FUNDO,RS,ROGERIO TOMASI RIFFEL,Ativo,Lato Sensu,Especialização,Presencial,Sequencial,,PRMEPF: Programa de Residência Médica Passo Fundo,MEDICINA,2020-08-11
9bb19134-deb2-49b9-9ae3-641d6d532959,ESP125,Residência Médica em Neurologia,Passo Fundo,PASSO FUNDO,RS,ALAN CHRISTMANN FRÖHLICH,Ativo,Lato Sensu,Especialização,Presencial,Sequencial,,PRMEPF: Programa de Residência Médica Passo Fundo,MEDICINA,2020-08-11
ab4a01c3-55f2-43f1-b39d-05e62bdadd94,ESP114,Residência Médica em Ecocardiografia,Passo Fundo,PASSO FUNDO,RS,JOSÉ LUIS DE CASTRO E SILVA PRETTO,Ativo,Lato Sensu,Especialização,Presencial,Sequencial,,PRMEPF: Programa de Residência Médica Passo Fundo,MEDICINA,2020-08-11
5673df7f-9da5-42be-808f-045f953e6ff3,ESP086,Especialização em Saúde Coletiva,Chapecó,CHAPECÓ,SC,PAULO ROBERTO BARBATO,NI,Lato Sensu,Especialização,Presencial,Sequencial,,CPGLS: Curso de Pós-Graduação Lato Sensu,SAÚDE COLETIVA,2020-08-11
574e26bf-3b6f-43ab-99fe-1e5e7aab7a77,ESP072,Residência Médica em Anestesiologia - Hospital Regional do Oeste,Chapecó,CHAPECÓ,SC,DIEGO BONIATTI RIGOTTI,Ativo,Lato Sensu,Especialização,Presencial,Sequencial,,PRMECH: Programa de Residência Médica Chapecó,MEDICINA,2020-08-11
c69d6561-4315-499f-a8dc-8ad222d2706b,ESP001,Especialização em Segurança Alimentar e Nutricional,Realeza,REALEZA,PR,ROZANE MARCIA TRICHES,Ativo,Lato Sensu,Especialização,Presencial,Sequencial,,CPGLS: Curso de Pós-Graduação Lato Sensu,INTERDISCIPLINAR,2020-08-11
03af57cc-4c1e-4cc1-a332-b54b73f25194,ESP100,Residência Médica em Ginecologia e Obstetrícia,Chapecó,CHAPECÓ,SC,JAIME DIAS RODRIGUES JUNIOR,NI,Lato Sensu,Especialização,Presencial,Sequencial,,PRMECH: Programa de Residência Médica Chapecó,MEDICINA,2020-08-11
9db1f4a5-d27a-4803-be74-2c25527e2528,ESP106,Residência Médica em Cardiologia,Passo Fundo,PASSO FUNDO,RS,ISELSO PAULO SARTORI,Ativo,Lato Sensu,Especialização,Presencial,Sequencial,,PRMEPF: Programa de Residência Médica Passo Fundo,MEDICINA,2020-08-11
1c547d13-a01d-47b1-8faf-2061349e5714,ESP103,Residência Médica em Clínica Médica,Passo Fundo,PASSO FUNDO,RS,ROSEMAR STEFENON,Ativo,Lato Sensu,Especialização,Presencial,Sequencial,,PRMEPF: Programa de Residência Médica Passo Fundo,MEDICINA,2020-08-11
c1ae71a3-8aa8-420b-ac04-457def3603e0,ESP117,Residência Médica em Hemodinâmica e Cardiologia Intervencionista,Passo Fundo,PASSO FUNDO,RS,NORBERTO TOAZZA DUDA,Ativo,Lato Sensu,Especialização,Presencial,Sequencial,,PRMEPF: Programa de Residência Médica Passo Fundo,MEDICINA,2020-08-11
800eabe7-b98c-4275-ab81-0c125c1cd96a,ESP129,Residência Médica em Otorrinolaringologia,Passo Fundo,PASSO FUNDO,RS,NEDIO ANTOLINI JUNIOR,Ativo,Lato Sensu,Especialização,Presencial,Sequencial,,PRMEPF: Programa de Residência Médica Passo Fundo,MEDICINA,2020-08-11
afa1486f-fa72-4f71-a25e-fdc96abb6f0f,ESP107,Residência Médica em Ortopedia e Traumatologia,Passo Fundo,PASSO FUNDO,RS,RODRIGO ARNOLD TISOT,Ativo,Lato Sensu,Especialização,Presencial,Sequencial,,PRMEPF: Programa de Residência Médica Passo Fundo,MEDICINA,2020-08-11
9c0f5305-8619-469f-9ed7-e517abb18240,ESP128,Residência Médica em Oncologia Pediátrica,Passo Fundo,PASSO FUNDO,RS,PABLO SANTIAGO,Ativo,Lato Sensu,Especialização,Presencial,Sequencial,,PRMEPF: Programa de Residência Médica Passo Fundo,MEDICINA,2020-08-11
5957a8db-d3c8-4254-84d1-53825e3078e4,ESP121,Residência Médica em Medicina Intensiva Pediátrica,Passo Fundo,PASSO FUNDO,RS,CAMILA TOSCAN,Ativo,Lato Sensu,Especialização,Presencial,Sequencial,,PRMEPF: Programa de Residência Médica Passo Fundo,MEDICINA,2020-08-11
3460fbb9-c6ba-451c-9ecb-f9331e7c155a,ESP105,Residência Médica em Pediatria,Passo Fundo,PASSO FUNDO,RS,SIMONE MEDEIROS BEDER REIS,Ativo,Lato Sensu,Especialização,Presencial,Sequencial,,PRMEPF: Programa de Residência Médica Passo Fundo,MEDICINA,2020-08-11
47fc1344-2aeb-474f-a504-70663754877c,ESP113,Residência Médica em Dermatologia,Passo Fundo,PASSO FUNDO,RS,CAMILA FERRON,Ativo,Lato Sensu,Especialização,Presencial,Sequencial,,PRMEPF: Programa de Residência Médica Passo Fundo,MEDICINA,2020-08-11
7f255534-d5c8-4739-bc03-a2185cbe6160,ESP123,Residência Médica em Neonatologia,Passo Fundo,PASSO FUNDO,RS,CRISTIANE AGOSTINI CASSANELO,Ativo,Lato Sensu,Especialização,Presencial,Sequencial,,PRMEPF: Programa de Residência Médica Passo Fundo,MEDICINA,2020-08-11
ecdf8982-ee0b-4131-b9ef-db70ac43a41d,ESP116,Residência Médica em Geriatria,Passo Fundo,PASSO FUNDO,RS,DANIEL MARCOLIN,Ativo,Lato Sensu,Especialização,Presencial,Sequencial,,PRMEPF: Programa de Residência Médica Passo Fundo,MEDICINA,2020-08-11
85b48528-3de4-4b14-9cde-0fe48057eca5,ESP115,Residência Médica em Gastroenterologia,Passo Fundo,PASSO FUNDO,RS,RAQUEL SCHERER DE FRAGA,Ativo,Lato Sensu,Especialização,Presencial,Sequencial,,PRMEPF: Programa de Residência Médica Passo Fundo,MEDICINA,2020-08-11
5ce861b3-58bb-46a2-9cec-6fb7d3a65145,ESP081,Especialização em Economia Empresarial e Gestão de Pequenos Negócios,Laranjeiras do Sul,LARANJEIRAS DO SUL,PR,RAFAEL STEFENON,NI,Lato Sensu,Especialização,NI,NI,,CPGLS: Curso de Pós-Graduação Lato Sensu,ECONOMIA,2020-08-11
900463a5-0ca7-4014-b778-87584274d9e9,ESP104,Programa de Pré Requisito em Área Cirúrgica Básica,Passo Fundo,PASSO FUNDO,RS,WAGNES BORGES FRANCESCHI,Ativo,Lato Sensu,Especialização,Presencial,Sequencial,,PRMEPF: Programa de Residência Médica Passo Fundo,MEDICINA,2020-08-11
422f816a-8b8a-43a2-a681-189a2a20644c,ESP109,Residência Médica em Cirurgia Vascular,Passo Fundo,PASSO FUNDO,RS,GILBERTO TUBINO DA SILVA,Ativo,Lato Sensu,Especialização,Presencial,Sequencial,,PRMEPF: Programa de Residência Médica Passo Fundo,MEDICINA,2020-08-11
2112cf17-64ce-4048-a14d-2ec071d4fa3d,ESP126,Residência Médica em Oftalmologia,Passo Fundo,PASSO FUNDO,RS,EDUARDO VENTURA,Ativo,Lato Sensu,Especialização,Presencial,Sequencial,,PRMEPF: Programa de Residência Médica Passo Fundo,MEDICINA,2020-08-11
da5259c7-9897-48fb-b5a3-f93f8edd5b8b,ESP131,Residência Médica em Radiologia e Diagnóstico por Imagem,Passo Fundo,PASSO FUNDO,RS,SENAIR ALBERTO AMBROS,Ativo,Lato Sensu,Especialização,Presencial,Sequencial,,PRMEPF: Programa de Residência Médica Passo Fundo,MEDICINA,2020-08-11
e3bcb1cb-ecf7-4ed9-a95c-62d97da0ea4e,ESP108,Residência Médica em Obstetrícia e Ginecologia,Passo Fundo,PASSO FUNDO,RS,CELY CHRISTINA ZIMERMANN,Ativo,Lato Sensu,Especialização,Presencial,Sequencial,,PRMEPF: Programa de Residência Médica Passo Fundo,MEDICINA,2020-08-11
9749447b-2d0f-4fd3-915c-24afcb21c710,ESP102,Residência Médica em Pediatria,Chapecó,CHAPECÓ,SC,RAFAEL QUEIROZ DOS SANTOS,Ativo,Lato Sensu,Especialização,Presencial,Sequencial,,PRMECH: Programa de Residência Médica Chapecó,MEDICINA,2020-08-11
d311c89f-eb64-4175-a419-6b37664dd45c,ESP097,Residência Médica em Ortopedia e Traumatologia,Chapecó,CHAPECÓ,SC,AMAURI ANTONIO BIAZI,NI,Lato Sensu,Especialização,Presencial,Sequencial,,PRMECH: Programa de Residência Médica Chapecó,MEDICINA,2020-08-11
e5748bee-fbd6-471f-a144-3787318501c2,MCT001,Mestrado em Ciência e Tecnologia Ambiental,Erechim,ERECHIM,RS,PAULO AFONSO HARTMANN,Ativo,Stricto Sensu,Acadêmico,Presencial,Semestral,,PPGCTA: Programa de Pós-Graduação em Ciência e Tecnologia Ambiental,CIÊNCIAS AMBIENTAIS,2020-08-11
d5416bd9-451f-42b6-90e5-3ac3044e7be9,MEL001,Mestrado em Estudos Linguísticos,Chapecó,CHAPECÓ,SC,CLAUDIA ANDREA ROST SNICHELOTTO,Ativo,Stricto Sensu,Acadêmico,Presencial,Semestral,,PPGEL: Programa de Pós-Graduação em Estudos Linguísticos,LINGUÍSTICA,2020-08-11
563af400-66d6-469e-8940-a8939a5f0c74,ESP096,Residência Médica em Anestesiologia,Chapecó,CHAPECÓ,SC,FABRICIO BATISTELLA ZASSO,Ativo,Lato Sensu,Especialização,Presencial,Sequencial,,PRMECH: Programa de Residência Médica Chapecó,MEDICINA,2020-08-11
3c5a86cc-7ac9-4556-be7d-9f7937a17902,ESP101,Residência Médica em Cirurgia Geral R3,Chapecó,CHAPECÓ,SC,JOAO BATISTA BARONCELLO,Ativo,Lato Sensu,Especialização,Presencial,Sequencial,,PRMECH: Programa de Residência Médica Chapecó,MEDICINA,2020-08-11
afed154e-3eb8-4e57-8ea2-c639ab496033,ESP112,Residência Médica em Cirurgia Geral,Chapecó,CHAPECÓ,SC,JOAO BATISTA BARONCELLO,Ativo,Lato Sensu,Especialização,Presencial,Sequencial,,PRMECH: Programa de Residência Médica Chapecó,MEDICINA,2020-08-11
82756e55-df26-4f0f-bde7-56d9382eb4f1,ESP099,Programa de Pré Requisito em Área Cirúrgica Básica,Chapecó,CHAPECÓ,SC,JOAO BATISTA BARONCELLO,NI,Lato Sensu,Especialização,Presencial,Sequencial,,PRMECH: Programa de Residência Médica Chapecó,MEDICINA,2020-08-11
a19c0bed-8208-48c9-911e-392283c123cb,MICH001,Mestrado Interdisciplinar em Ciências Humanas,Erechim,ERECHIM,RS,ADRIANA SALETE LOSS,NI,Stricto Sensu,Acadêmico,NI,NI,,PPGICH: Programa de Pós-Graduação Interdisciplinar em Ciências Humanas,,2020-08-11
e9157258-612c-44f6-88f4-794966f5e364,ESP085,Especialização em Direitos Humanos,Realeza,REALEZA,PR,MARCOS ANTONIO BEAL,NI,Lato Sensu,Especialização,Presencial,Sequencial,,CPGLS: Curso de Pós-Graduação Lato Sensu,EDUCAÇÃO,2020-08-11
11322600-954a-4bd9-813e-9a3a19884b75,ESP078,Especialização em Direitos Humanos,Realeza,REALEZA,PR,MARCOS ANTONIO BEAL,NI,Lato Sensu,Especialização,Presencial,Sequencial,,CPGLS: Curso de Pós-Graduação Lato Sensu,EDUCAÇÃO,2020-08-11
1063e76b-40dd-4f6e-841c-cbd1870bd4be,ESP080,Especialização em Educação em Ciências Naturais e Sociedade,Realeza,REALEZA,PR,JACKSON LUIS MARTINS CACCIAMANI,NI,Lato Sensu,Especialização,NI,NI,,CPGLS: Curso de Pós-Graduação Lato Sensu,EDUCAÇÃO,2020-08-11
6100d72c-e6af-4a79-9dfb-070ce1b4154d,ESP082,Especialização em Realidade Brasileira,Laranjeiras do Sul,LARANJEIRAS DO SUL,PR,ANA CRISTINA HAMMEL,NI,Lato Sensu,Especialização,NI,NI,,CPGLS: Curso de Pós-Graduação Lato Sensu,,2020-08-11
7c21236f-5760-4827-8f23-09700a4d2e62,MGEO001,Mestrado em Geografia,Chapecó,CHAPECÓ,SC,IGOR DE FRANÇA CATALÃO,Ativo,Stricto Sensu,Acadêmico,Presencial,Semestral,www.uffs.edu.br/ppggeo,PPGGEO: Programa de Pós-Graduação em Geografia,GEOGRAFIA,2020-08-11
e3fd23fa-bc49-4bdb-9398-e7011388956d,MFIL001,Mestrado em Filosofia,Chapecó,CHAPECÓ,SC,NEWTON MARQUES PERON,Ativo,Stricto Sensu,Acadêmico,Presencial,Semestral,www.uffs.edu.br/ppgfil,PPGFIL: Programa de Pós-Graduação em Filosofia,FILOSOFIA,2020-08-11
a9b2b80f-f1a5-4962-b8bf-0230a908f40a,MHI001,Mestrado em História,Chapecó,CHAPECÓ,SC,DELMIR JOSE VALENTINI,NI,Stricto Sensu,Acadêmico,NI,NI,,PPGH: Programa de Pós-Graduação em História,,2020-08-11
1b8aaa4f-cc1a-4274-9466-945b4d1e17a2,ESP083,Especialização em Ensino de Língua e Literatura,Realeza,REALEZA,PR,SABRINA CASAGRANDE,NI,Lato Sensu,Especialização,NI,NI,,CPGLS: Curso de Pós-Graduação Lato Sensu,,2020-08-11
516efa09-e011-4393-89c6-a95fa2182a84,MPED001,Mestrado em Educação,Erechim,ERECHIM,RS,JERONIMO SARTORI,NI,Stricto Sensu,Profissional,NI,Sequencial,,PPGPE: Programa de Pós-Graduação Profissional em Educação,EDUCAÇÃO,2020-08-11
c191c056-3c7b-4e0f-a027-7e07a4935941,PROFMAT001,Mestrado Profissional em Matemática em Rede Nacional,Chapecó,CHAPECÓ,SC,VITOR JOSÉ PETRY,Ativo,Stricto Sensu,Profissional,Semi-Presencial,Sequencial,,PPGMRN: Programa de Pós-Graduação em Matemática em Rede Nacional,MATEMÁTICA,2020-08-11
91578c3c-8e99-463e-a8bb-76b3e65ceb11,ESP077,Especialização em Gestão Escolar da Educação Básica,Chapecó,CHAPECÓ,SC,OTO JOAO PETRY,NI,Lato Sensu,Especialização,Presencial,NI,,CPGLS: Curso de Pós-Graduação Lato Sensu,EDUCAÇÃO,2020-08-11
6e012507-fcf6-4ad3-b198-bb7c246a7a49,MEC001,Mestrado em Ensino de Ciências,Cerro Largo,CERRO LARGO,RS,ROQUE ISMAEL DA COSTA GULLICH,Ativo,Stricto Sensu,Acadêmico,Presencial,Semestral,www.uffs.edu.br/ppgec,PPGEC: Programa de Pós-Graduação em Ensino de Ciências,MULTIDISCIPLINAR,2020-08-11
be1cbbe1-577f-4522-8a03-719177c31ee6,ESP076,Especialização em Gestão Escolar,Erechim,ERECHIM,RS,SANDRA SIMONE HOPNER PIEROZAN,NI,Lato Sensu,Especialização,Presencial,NI,,CPGLS: Curso de Pós-Graduação Lato Sensu,EDUCAÇÃO,2020-08-11
f15df02e-efd7-44d1-8b01-a6a6e8245b69,ESP098,Residência Médica em Clínica Médica,Chapecó,CHAPECÓ,SC,ALAND WALDOW,Ativo,Lato Sensu,Especialização,Presencial,Sequencial,,PRMECH: Programa de Residência Médica Chapecó,MEDICINA,2020-08-11
584da687-3858-49a8-8cd2-a7d6fb3275f5,MCTAL001,Mestrado em Ciência e Tecnologia de Alimentos,Laranjeiras do Sul,LARANJEIRAS DO SUL,PR,LUCIANO TORMEN,NI,Stricto Sensu,Acadêmico,NI,NI,,PPGCTAL: Programa de Pós-Graduação em Ciência e Tecnologia de Alimentos,,2020-08-11
8341a436-eed0-4ad3-a763-7bd789da2273,MCB001,Metrado em Ciências Biomédicas,Chapecó,CHAPECÓ,SC,DEBORA TAVARES DE RESENDE E SILVA,Ativo,Stricto Sensu,Acadêmico,Presencial,Semestral,www.uffs.edu.br/ppgcb,PPGCB: Programa de Pós-graduação em Ciências Biomédicas,ANATOMIA PATOLÓGICA E PATOLOGIA CLÍNICA,2020-08-11
b702fd12-1f6f-4fc2-aefe-e33ba04b4f02,MATS001,Mestrado em Ambiente e Tecnologias Sustentáveis,Cerro Largo,CERRO LARGO,RS,DANIEL JONER DAROIT,NI,Stricto Sensu,Acadêmico,NI,NI,,PPGATS: Programa de Pós-Graduação em Ambiente e Tecnologias Sustentáveis,,2020-08-11
a7aac19b-afe5-4b0e-8ca4-07199fbb35b5,MED001,Mestrado em Educação,Chapecó,CHAPECÓ,SC,ODAIR NEITZEL,Ativo,Stricto Sensu,Acadêmico,Presencial,Semestral,,PPGE: Programa de Pós-Graduação em Educação,EDUCAÇÃO,2020-08-11
3a916fe1-09a6-4e19-b775-79f1ff558cb7,ESP038,Residência Médica em Cancerologia Clínica - Hospital da Cidade de Passo Fundo,Passo Fundo,PASSO FUNDO,RS,,NI,Lato Sensu,Especialização,Presencial,Sequencial,,PRMEPF: Programa de Residência Médica Passo Fundo,MEDICINA,2020-08-11
8e495b2d-7f51-4f25-92b4-6745d25a5dd0,ESP119,Residência Médica em Medicina de Família e Comunidade,Passo Fundo,PASSO FUNDO,RS,,Ativo,Lato Sensu,Especialização,Presencial,Sequencial,,PRMEPF: Programa de Residência Médica Passo Fundo,MEDICINA,2020-08-11
e93e3221-957b-450c-9a93-14490a2e1bc7,ESP120,Residência Médica em Medicina Intensiva,Passo Fundo,PASSO FUNDO,RS,,Ativo,Lato Sensu,Especialização,Presencial,Sequencial,,PRMEPF: Programa de Residência Médica Passo Fundo,MEDICINA,2020-08-11
7c39ac6a-d235-4541-9ca0-c1a6bcce94eb,ESP118,Residência Médica em Mastologia,Passo Fundo,PASSO FUNDO,RS,,Ativo,Lato Sensu,Especialização,Presencial,Sequencial,,PRMEPF: Programa de Residência Médica Passo Fundo,MEDICINA,2020-08-11
db32275e-32a1-4f20-8066-04edfa49bfb5,ESP127,Residência Médica em Oncologia Clínica,Passo Fundo,PASSO FUNDO,RS,,Ativo,Lato Sensu,Especialização,Presencial,Sequencial,,PRMEPF: Programa de Residência Médica Passo Fundo,MEDICINA,2020-08-11
917fb8ed-6bc5-4aba-9807-c201fb8f7eba,ESP111,Residência Médica em Anestesiologia,Passo Fundo,PASSO FUNDO,RS,,Ativo,Lato Sensu,Especialização,Presencial,Sequencial,,PRMEPF: Programa de Residência Médica Passo Fundo,MEDICINA,2020-08-11
fc00ed22-24d6-44b0-8550-d934036eb741,ESP122,Residência Médica em Cirurgia da Mão,Passo Fundo,PASSO FUNDO,RS,,Ativo,Lato Sensu,Especialização,Presencial,Sequencial,,PRMEPF: Programa de Residência Médica Passo Fundo,MEDICINA,2020-08-11
71cf96e6-c04b-4ef0-9eea-23ce6eacc67f,ESP046,Residência Médica em Neonatologia - Hospital da Cidade de Passo Fundo,Passo Fundo,PASSO FUNDO,RS,,NI,Lato Sensu,Especialização,Presencial,Sequencial,,PRMEPF: Programa de Residência Médica Passo Fundo,MEDICINA,2020-08-11
a7a281e7-a863-49ca-8706-b99f99f0504c,ESP088,Programa de Pré-Requisito em Área Cirúrgica Básica,Chapecó,CHAPECÓ,SC,,NI,Lato Sensu,Especialização,Presencial,Sequencial,,PRMECH: Programa de Residência Médica Chapecó,MEDICINA,2020-08-11
513a2aae-81da-463d-9048-e43df4c09fb1,ESP124,Residência Médica em Neurocirurgia,Passo Fundo,PASSO FUNDO,RS,,Ativo,Lato Sensu,Especialização,Presencial,Sequencial,,PRMEPF: Programa de Residência Médica Passo Fundo,MEDICINA,2020-08-11
8dd02d2c-db52-4b84-b405-63c83bf831be,ESP034,Residência Médica em Ortopedia e Traumatologia - Hospital da Cidade de Passo Fundo,Passo Fundo,PASSO FUNDO,RS,,NI,Lato Sensu,Especialização,Presencial,Sequencial,,PRMEPF: Programa de Residência Médica Passo Fundo,MEDICINA,2020-08-11
d9234581-3bbb-4427-a8cc-3ee7de80dcfb,ESP069,Residência Médica em Alergia e Imunologia Pediátrica - Hospital da Cidade de Passo Fundo,Passo Fundo,PASSO FUNDO,RS,,NI,Lato Sensu,Especialização,Presencial,Sequencial,,PRMEPF: Programa de Residência Médica Passo Fundo,MEDICINA,2020-08-11
2888e528-6552-4d4b-b254-aae20adba2d3,ESP056,Residência Médica em Neurologia - Hospital São Vicente de Paulo,Passo Fundo,PASSO FUNDO,RS,,NI,Lato Sensu,Especialização,Presencial,Sequencial,,PRMEPF: Programa de Residência Médica Passo Fundo,MEDICINA,2020-08-11
8688c74c-becc-4417-b567-dc6e063707ec,ESP016,Especialização em Desenvolvimento Rural Sustentável e Agricultura Familiar,Cerro Largo,CERRO LARGO,RS,,Ativo,Lato Sensu,Especialização,Presencial,Sequencial,,CPGLS: Curso de Pós-Graduação Lato Sensu,MEIO AMBIENTE E AGRÁRIAS,2020-08-11
dc3652de-a57f-427f-8c2f-8703c2fefadd,ESP047,Residência Médica em Cirurgia da Mão - Hospital da Cidade de Passo Fundo,Passo Fundo,PASSO FUNDO,RS,,NI,Lato Sensu,Especialização,Presencial,Sequencial,,PRMEPF: Programa de Residência Médica Passo Fundo,MEDICINA,2020-08-11
0ff8c927-aea2-47f6-afe3-858f9b5c4617,ESP029,Residência Médica em Clínica Médica em Radiologia e Diagnóstico por Imagem – Hospital São Vicente de Paulo,Passo Fundo,PASSO FUNDO,RS,,Ativo,Lato Sensu,Especialização,Presencial,Sequencial,,PRMEPF: Programa de Residência Médica Passo Fundo,MEDICINA,2020-08-11
a81b5a89-a07e-4146-b23f-2250bac4c7eb,ESP050,Residência Médica em Ecocardiografia - Hospital São Vicente de Paulo,Passo Fundo,PASSO FUNDO,RS,,NI,Lato Sensu,Especialização,Presencial,Sequencial,,PRMEPF: Programa de Residência Médica Passo Fundo,MEDICINA,2020-08-11
bda89b32-5310-4642-9bd6-a1d40a9fa1c6,ESP079,Residência Médica em Cirurgia da Mão - Hospital São Vicente de Paulo,Passo Fundo,PASSO FUNDO,RS,,NI,Lato Sensu,Especialização,Presencial,Sequencial,,PRMEPF: Programa de Residência Médica Passo Fundo,MEDICINA,2020-08-11
1509cea8-bc41-46de-8298-a5d4d5d8a950,ESP035,Residência Médica em Neurocirurgia - Hospital São Vicente de Paulo,Passo Fundo,PASSO FUNDO,RS,,NI,Lato Sensu,Especialização,Presencial,Sequencial,,PRMEPF: Programa de Residência Médica Passo Fundo,MEDICINA,2020-08-11
476c990f-2766-4499-9eee-71eb74c06543,ESP011,Especialização em Interdisciplinaridade e Práticas Pedagógicas na Educação Básica,Cerro Largo,CERRO LARGO,RS,,Ativo,Lato Sensu,Especialização,Presencial,Sequencial,,CPGLS: Curso de Pós-Graduação Lato Sensu,EDUCAÇÃO,2020-08-11
51d676d7-eb8c-4d26-973b-30ac464495d7,MAD001,Mestrado em Agroecologia e Desenvolvimento Rural Sustentável,Laranjeiras do Sul,LARANJEIRAS DO SUL,PR,,Ativo,Stricto Sensu,Acadêmico,Presencial,Semestral,,PPGADR: Programa de Pós-Graduação em Agroecologia e Desenvolvimento Rural Sustentável,,2020-08-11
0ecbd118-f506-4d90-9d24-6c9d72deaf0d,ESP052,Residência Médica em Geriatria - Hospital São Vicente de Paulo,Passo Fundo,PASSO FUNDO,RS,,NI,Lato Sensu,Especialização,Presencial,Sequencial,,PRMEPF: Programa de Residência Médica Passo Fundo,MEDICINA,2020-08-11
21c84c87-c169-43bb-8a90-b5e27907d94a,ESP019,Residência Médica em Cardiologia - Hospital São Vicente de Paulo,Passo Fundo,PASSO FUNDO,RS,,Ativo,Lato Sensu,Especialização,Presencial,Sequencial,,PRMEPF: Programa de Residência Médica Passo Fundo,MEDICINA,2020-08-11
9d017e1f-8fc0-4c19-8c78-52c20c0caae5,ESP091,Residência Médica em Anestesiologia - Hospital da Cidade de Passo Fundo,Passo Fundo,PASSO FUNDO,RS,,Ativo,Lato Sensu,Especialização,Presencial,Sequencial,,PRMEPF: Programa de Residência Médica Passo Fundo,MEDICINA,2020-08-11
2dbee39d-b60e-4ba3-981f-6b2fb520b293,ESP036,Residência Médica em Neurocirurgia - Hospital da Cidade de Passo Fundo,Passo Fundo,PASSO FUNDO,RS,,NI,Lato Sensu,Especialização,Presencial,Sequencial,,PRMEPF: Programa de Residência Médica Passo Fundo,MEDICINA,2020-08-11
a4631c52-2e47-4dd7-9245-9371a7b7dbf5,ESP092,Residência Médica em Anestesiologia - Hospital São Vicente de Paulo,Passo Fundo,PASSO FUNDO,RS,,NI,Lato Sensu,Especialização,Presencial,Sequencial,,PRMEPF: Programa de Residência Médica Passo Fundo,MEDICINA,2020-08-11
424e646a-90bd-494b-b9ad-78640109963e,ESP044,Residência Médica em Medicina Intensiva - Hospital da Cidade de Passo Fundo,Passo Fundo,PASSO FUNDO,RS,,NI,Lato Sensu,Especialização,Presencial,Sequencial,,PRMEPF: Programa de Residência Médica Passo Fundo,MEDICINA,2020-08-11
acad63c8-7353-4f22-a2a8-59d1b26fa899,ESP090,Residência Médica Pré-Requisito em Área Cirúrgica Básica - Hospital São Vicente de Paulo,Passo Fundo,PASSO FUNDO,RS,,NI,Lato Sensu,Especialização,NI,Sequencial,,PRMEPF: Programa de Residência Médica Passo Fundo,MEDICINA,2020-08-11
cc71b3de-b195-4bc2-b44f-3f04be3c553c,ESP012,Especialização em Processos Pedagógicos na Educação Básica,Erechim,ERECHIM,RS,,Ativo,Lato Sensu,Especialização,Presencial,Sequencial,,CPGLS: Curso de Pós-Graduação Lato Sensu,EDUCAÇÃO,2020-08-11
ad21b929-dcb5-4faa-85f6-2065e92eb821,ESP033,Residência Médica em Ortopedia e Traumatologia - Hospital São Vicente de Paulo,Passo Fundo,PASSO FUNDO,RS,,NI,Lato Sensu,Especialização,Presencial,Sequencial,,PRMEPF: Programa de Residência Médica Passo Fundo,MEDICINA,2020-08-11
21259552-9046-4740-b8a6-4330e624c497,ESP048,Residência Médica em Medicina Intensiva Pediátrica - Hospital São Vicente de Paulo,Passo Fundo,PASSO FUNDO,RS,,NI,Lato Sensu,Especialização,Presencial,Sequencial,,PRMEPF: Programa de Residência Médica Passo Fundo,MEDICINA,2020-08-11
6786789d-58ec-4720-9c93-fb321b689fc1,ESP041,Residência Médica em Oftalmologia - Hospital São Vicente de Paulo,Passo Fundo,PASSO FUNDO,RS,,NI,Lato Sensu,Especialização,Presencial,Sequencial,,PRMEPF: Programa de Residência Médica Passo Fundo,MEDICINA,2020-08-11
5182bd81-62a4-4b68-b685-27cf444c55f4,ESP064,Residência Médica em Ortopedia e Traumatologia - Hospital Regional do Oeste,Chapecó,CHAPECÓ,SC,,NI,Lato Sensu,Especialização,Presencial,Sequencial,,PRMECH: Programa de Residência Médica Chapecó,MEDICINA,2020-08-11
5f462f6e-aa4e-465f-b592-221226d98798,ESP007,Especialização em Teorias Linguísticas Contemporâneas,Erechim,ERECHIM,RS,,Ativo,Lato Sensu,Especialização,Presencial,Sequencial,,CPGLS: Curso de Pós-Graduação Lato Sensu,"LINGUÍSTICA, LETRAS E ARTES",2020-08-11
08a07236-733e-4dea-8e0d-739a29d278d5,ESP066,Especialização em Orientação Educacional,Cerro Largo,CERRO LARGO,RS,,Ativo,Lato Sensu,Especialização,Presencial,Sequencial,,CPGLS: Curso de Pós-Graduação Lato Sensu,EDUCAÇÃO,2020-08-11
3f4e3438-9c6f-4e6d-a10f-40c41a96dcc9,ESP089,Residência Médica Pré-Requisito em Área Cirúrgica Básica - Hospital da Cidade de Passo Fundo,Passo Fundo,PASSO FUNDO,RS,,NI,Lato Sensu,Especialização,Presencial,Sequencial,,PRMEPF: Programa de Residência Médica Passo Fundo,MEDICINA,2020-08-11
4988e125-019a-41ab-abe7-263f662366ea,ESP025,Residência Médica em Obstetrícia e Ginecologia - Hospital São Vicente de Paulo,Passo Fundo,PASSO FUNDO,RS,,NI,Lato Sensu,Especialização,Presencial,Sequencial,,PRMEPF: Programa de Residência Médica Passo Fundo,MEDICINA,2020-08-11
2e11d5e3-d1a9-45de-a62f-2bc651749965,MSBPAS001,"Mestrado em Saúde, Bem-estar e Produção Animal Sustentável na Fronteira Sul",Realeza,REALEZA,PR,,NI,Stricto Sensu,Acadêmico,NI,NI,,"PPGSBPAS: Programa de Pós-Graduação em Saúde, Bem-estar e Produção Animal Sustentável na Fronteira Sul",,2020-08-11
0f26abcb-ec63-4871-b5fe-0ebc73bde2ed,ESP061,Residência Médica em Clínica Médica - Hospital de Caridade de Carazinho,Passo Fundo,PASSO FUNDO,RS,,NI,Lato Sensu,Especialização,Presencial,Sequencial,,PRMEPF: Programa de Residência Médica Passo Fundo,MEDICINA,2020-08-11
0c22c300-7adb-4cfa-b794-b3d937f3059a,ESP043,Residência Médica em Medicina Intensiva - Hospital São Vicente de Paulo,Passo Fundo,PASSO FUNDO,RS,,NI,Lato Sensu,Especialização,Presencial,Sequencial,,PRMEPF: Programa de Residência Médica Passo Fundo,MEDICINA,2020-08-11
5bc5f0e0-f7fe-4c9e-9c52-ff3a97f8eda3,ESP049,Residência Médica em Hemodinâmica e Cardiologia Intervencionista - Hospital São Vicente de Paulo,Passo Fundo,PASSO FUNDO,RS,,NI,Lato Sensu,Especialização,Presencial,Sequencial,,PRMEPF: Programa de Residência Médica Passo Fundo,MEDICINA,2020-08-11
2078eb4e-a131-4497-88bf-dfc0f5126379,ESP087,"Especialização em Gestão Escolar: Coordenação, Direção e Supervisão Escolar",Erechim,ERECHIM,RS,,Ativo,Lato Sensu,Especialização,Presencial,Sequencial,https://www.uffs.edu.br/campi/erechim/cursos/lato-sensu/especializacao-em-gestao-escolar-coordenacao-direcao-supervisao-escolar/apresentacao-do-curso-gestao-escolar-coordenacao-direcao-supervisao-escolar,CPGLS: Curso de Pós-Graduação Lato Sensu,EDUCAÇÃO,2020-08-11
ffeb57d3-37b9-49c2-a0ba-3c5ab80a6053,ESP055,Residência Médica em Nefrologia - Hospital São Vicente de Paulo,Passo Fundo,PASSO FUNDO,RS,,NI,Lato Sensu,Especialização,Presencial,Sequencial,,PRMEPF: Programa de Residência Médica Passo Fundo,MEDICINA,2020-08-11
b5069074-ff80-4e65-b552-5253646ffc3e,ESP042,Residência Médica em Medicina de Família e Comunidade - Hospital São Vicente de Paulo,Passo Fundo,PASSO FUNDO,RS,,NI,Lato Sensu,Especialização,Presencial,Sequencial,,PRMEPF: Programa de Residência Médica Passo Fundo,MEDICINA,2020-08-11
a81498d3-6156-482e-b9dc-b159102b83a1,ESP075,Residência Médica em Cirurgia Geral R3 - Hospital Regional do Oeste,Chapecó,CHAPECÓ,SC,,NI,Lato Sensu,Especialização,Presencial,Sequencial,,PRMECH: Programa de Residência Médica Chapecó,MEDICINA,2020-08-11
3bd401c0-de5a-48af-bfa0-9544bec2e6bc,ESP063,Residência Médica em Cirurgia Geral - Hospital Regional do Oeste,Chapecó,CHAPECÓ,SC,,NI,Lato Sensu,Especialização,Presencial,Sequencial,,PRMECH: Programa de Residência Médica Chapecó,MEDICINA,2020-08-11
60966d22-13a5-4bd4-a236-eb892c3869a1,ESP051,Residência Médica em Cancerologia Clínica - Hospital São Vicente de Paulo,Passo Fundo,PASSO FUNDO,RS,,NI,Lato Sensu,Especialização,Presencial,Sequencial,,PRMEPF: Programa de Residência Médica Passo Fundo,MEDICINA,2020-08-11
f1e7bf28-4eac-4274-875b-25fd312f3a04,ESP068,Residência Multiprofissional em Saúde,Passo Fundo,PASSO FUNDO,RS,,NI,Lato Sensu,Especialização,Presencial,Sequencial,,PRMULT: Programa de Residência Multiprofissional,SAÚDE COLETIVA,2020-08-11
60ca7b9d-c54d-40a0-88f3-1e4626b2883b,ESP023,Residência Médica em Cirurgia Geral - Hospital São Vicente de Paulo,Passo Fundo,PASSO FUNDO,RS,,NI,Lato Sensu,Especialização,Presencial,Sequencial,,PRMEPF: Programa de Residência Médica Passo Fundo,MEDICINA,2020-08-11
cfa89f32-4b69-4acb-b076-a18b7b520fa4,ESP003,Especialização em Saúde Coletiva,Chapecó,CHAPECÓ,SC,,NI,Lato Sensu,Especialização,Presencial,Sequencial,,CPGLS: Curso de Pós-Graduação Lato Sensu,SAÚDE COLETIVA,2020-08-11
f5086430-eb03-4852-9df8-3de8d92c0993,ESP058,Residência Medica em Radioterapia - Hospital São Vicente de Paulo,Passo Fundo,PASSO FUNDO,RS,,NI,Lato Sensu,Especialização,Presencial,Sequencial,,PRMEPF: Programa de Residência Médica Passo Fundo,MEDICINA,2020-08-11
a14b6cb0-fd5a-4638-9679-1716d66903fb,ESP028,Residência Médica em Pediatria - Hospital da Cidade de Passo Fundo,Passo Fundo,PASSO FUNDO,RS,,NI,Lato Sensu,Especialização,Presencial,Sequencial,,PRMEPF: Programa de Residência Médica Passo Fundo,MEDICINA,2020-08-11
27839c72-b3ad-460e-ae81-252f6fc50b69,ESP024,Residência Médica em Cirurgia Geral - Hospital da Cidade de Passo Fundo,Passo Fundo,PASSO FUNDO,RS,,NI,Lato Sensu,Especialização,Presencial,Sequencial,,PRMEPF: Programa de Residência Médica Passo Fundo,MEDICINA,2020-08-11
555b8fd5-2534-4333-b04a-3633950c0de3,ESP037,Residência Médica em Psiquiatria - Hospital da Cidade de Passo Fundo,Passo Fundo,PASSO FUNDO,RS,,NI,Lato Sensu,Especialização,Presencial,Sequencial,,PRMEPF: Programa de Residência Médica Passo Fundo,MEDICINA,2020-08-11
0e0bab36-2433-45c3-8b1d-c04ad77d575a,ESP057,Residência Médica em Patologia - Hospital São Vicente de Paulo,Passo Fundo,PASSO FUNDO,RS,,NI,Lato Sensu,Especialização,Presencial,Sequencial,,PRMEPF: Programa de Residência Médica Passo Fundo,MEDICINA,2020-08-11
45cbeb59-ce08-474c-bc6e-5c4c5cc37015,ESP032,Residência Médica em Cirurgia Vascular - Hospital da Cidade de Passo Fundo,Passo Fundo,PASSO FUNDO,RS,,NI,Lato Sensu,Especialização,Presencial,Sequencial,,PRMEPF: Programa de Residência Médica Passo Fundo,MEDICINA,2020-08-11
064aad2d-722b-4066-afe4-19e8b9ee2b52,ESP004,Especialização em Literaturas do Cone Sul,Chapecó,CHAPECÓ,SC,,NI,Lato Sensu,Especialização,Presencial,Sequencial,,CPGLS: Curso de Pós-Graduação Lato Sensu,LITERATURA COMPARADA,2020-08-11
6b6cd319-9a16-4254-b4ec-01f3ff891fd3,ESP005,Especialização em Educação Integral,Chapecó,CHAPECÓ,SC,,NI,Lato Sensu,Especialização,Presencial,Sequencial,,CPGLS: Curso de Pós-Graduação Lato Sensu,EDUCAÇÃO,2020-08-11
a30f106a-17e8-4d7b-8d61-54a2e710d123,ESP045,Residência Médica em Neonatologia - Hospital São Vicente de Paulo,Passo Fundo,PASSO FUNDO,RS,,NI,Lato Sensu,Especialização,Presencial,Sequencial,,PRMEPF: Programa de Residência Médica Passo Fundo,MEDICINA,2020-08-11
ac9721d0-6a79-4e34-a442-f832ec738ab9,ESP053,Residência Médica em Hematologia e Hemoterapia - Hospital São Vicente de Paulo,Passo Fundo,PASSO FUNDO,RS,,NI,Lato Sensu,Especialização,Presencial,Sequencial,,PRMEPF: Programa de Residência Médica Passo Fundo,MEDICINA,2020-08-11
03e99563-a83b-4d41-b975-62113b8e6f34,ESP026,Residência Médica em Obstetrícia e Ginecologia - Hospital da Cidade de Passo Fundo,Passo Fundo,PASSO FUNDO,RS,,NI,Lato Sensu,Especialização,Presencial,Sequencial,,PRMEPF: Programa de Residência Médica Passo Fundo,MEDICINA,2020-08-11
b888285d-1158-4dfc-b4e5-dedf51da13df,ESP054,Residência Médica em Medicina de Urgência - Hospital São Vicente de Paulo,Passo Fundo,PASSO FUNDO,RS,,NI,Lato Sensu,Especialização,Presencial,Sequencial,,PRMEPF: Programa de Residência Médica Passo Fundo,MEDICINA,2020-08-11
1bf01957-32ea-4f52-b7ca-f1aa51513f92,ESP027,Residência Médica em Pediatria - Hospital São Vicente de Paulo,Passo Fundo,PASSO FUNDO,RS,,NI,Lato Sensu,Especialização,Presencial,Sequencial,,PRMEPF: Programa de Residência Médica Passo Fundo,MEDICINA,2020-08-11
e1c957bf-9681-4c7c-a53d-c2155e0d9fde,ESP040,Residência Médica em Gastroenterologia - Hospital da Cidade de Passo Fundo,Passo Fundo,PASSO FUNDO,RS,,NI,Lato Sensu,Especialização,Presencial,Sequencial,,PRMEPF: Programa de Residência Médica Passo Fundo,MEDICINA,2020-08-11
8ab32d3d-5d24-4648-8115-a9c8e1374543,ESP073,Residência Médica em Ginecologia e Obstetrícia - Hospital Regional do Oeste,Chapecó,CHAPECÓ,SC,,NI,Lato Sensu,Especialização,Presencial,Sequencial,,PRMECH: Programa de Residência Médica Chapecó,MEDICINA,2020-08-11
b9a99756-eed3-47e8-be92-fd0072bd2a11,ESP031,Residência Médica em Cirurgia Vascular - Hospital São Vicente de Paulo,Passo Fundo,PASSO FUNDO,RS,,NI,Lato Sensu,Especialização,Presencial,Sequencial,,PRMEPF: Programa de Residência Médica Passo Fundo,MEDICINA,2020-08-11
828d41f6-2870-40fa-a719-ff4e409972f2,ESP074,Residência Médica em Pediatria - Hospital Regional do Oeste,Chapecó,CHAPECÓ,SC,,NI,Lato Sensu,Especialização,Presencial,Sequencial,,PRMECH: Programa de Residência Médica Chapecó,MEDICINA,2020-08-11
cf42cc21-093a-4c3f-ad60-891fa3b75a42,MDPP001,Mestrado em Desenvolvimento e Políticas Públicas,Cerro Largo,CERRO LARGO,RS,,NI,Stricto Sensu,Acadêmico,Presencial,Semestral,,PPGDPP: Programa de Pós-Graduação em Desenvolvimento e Políticas Públicas,,2020-08-11
32f5fa7c-082f-4543-9f91-12f5243f62fe,ESP060,Residência Médica em Otorrinolaringologia - Hospital São Vicente de Paulo,Passo Fundo,PASSO FUNDO,RS,,NI,Lato Sensu,Especialização,Presencial,Sequencial,,PRMEPF: Programa de Residência Médica Passo Fundo,MEDICINA,2020-08-11
a2c42b0b-873f-46e0-b096-b0aa83217357,ESP039,Residência Médica em Gastroenterologia - Hospital São Vicente de Paulo,Passo Fundo,PASSO FUNDO,RS,,NI,Lato Sensu,Especialização,Presencial,Sequencial,,PRMEPF: Programa de Residência Médica Passo Fundo,MEDICINA,2020-08-11
71b21720-29c1-4c74-88f2-17f806b5f928,ESP059,Residência Médica em Cancerologia Pediátrica - Hospital São Vicente de Paulo,Passo Fundo,PASSO FUNDO,RS,,Inativo,Lato Sensu,Especialização,Presencial,Sequencial,,PRMEPF: Programa de Residência Médica Passo Fundo,MEDICINA,2020-08-11
36280e8e-b866-407c-a198-4f4ba2fee413,ESP014,Especialização em Ensino de Ciências e Matemática,Cerro Largo,CERRO LARGO,RS,,Ativo,Lato Sensu,Especialização,Presencial,Sequencial,,CPGLS: Curso de Pós-Graduação Lato Sensu,EDUCAÇÃO,2020-08-11
03b5d02e-3085-4843-bf15-259b7ebe1cf7,ESP010,Especialização em História da Ciência,Erechim,ERECHIM,RS,,Ativo,Lato Sensu,Especialização,Presencial,Sequencial,,CPGLS: Curso de Pós-Graduação Lato Sensu,HISTÓRIA DAS CIÊNCIAS,2020-08-11
26ec06be-c9c9-409b-b125-9d89e8e41d78,ESP018,Especialização em Linguagem e Ensino,Cerro Largo,CERRO LARGO,RS,,Ativo,Lato Sensu,Especialização,Presencial,Sequencial,<http://www.uffs.edu.br/index.php?option=com_content&view=article&id=5857&Itemid=2139>,CPGLS: Curso de Pós-Graduação Lato Sensu,LINGUÍSTICA APLICADA,2020-08-11
05a9f4e8-2b88-4198-ab7c-58020b20af98,ESP022,Residência Médica em Clínica Médica - Hospital da Cidade de Passo Fundo,Passo Fundo,PASSO FUNDO,RS,,Ativo,Lato Sensu,Especialização,Presencial,Sequencial,,PRMEPF: Programa de Residência Médica Passo Fundo,MEDICINA,2020-08-11
de14d5ab-d677-44af-9fec-e0cbcb33879e,ESP002,Especialização em História Regional,Chapecó,CHAPECÓ,SC,,NI,Lato Sensu,Especialização,Presencial,Sequencial,,CPGLS: Curso de Pós-Graduação Lato Sensu,HISTÓRIA,2020-08-11
08e80206-2b7e-40fc-a150-66ced35bd71f,ESP021,Residência Médica em Clínica Médica - Hospital São Vicente de Paulo,Passo Fundo,PASSO FUNDO,RS,,Ativo,Lato Sensu,Especialização,Presencial,Sequencial,,PRMEPF: Programa de Residência Médica Passo Fundo,MEDICINA,2020-08-11
d45b57e0-4b8f-48bf-9a26-04c880cd68c5,ESP017,Especialização em Produção de Leite Agroecológico,Laranjeiras do Sul,LARANJEIRAS DO SUL,PR,,Ativo,Lato Sensu,Especialização,Presencial,Sequencial,,CPGLS: Curso de Pós-Graduação Lato Sensu,CIÊNCIAS AGRÁRIAS,2020-08-11
41cc62dc-976f-4a1e-a45d-b1ac4c1c18f4,ESP084,Especialização em Orientação Educacional,Cerro Largo,CERRO LARGO,RS,,NI,Lato Sensu,Especialização,NI,NI,,CPGLS: Curso de Pós-Graduação Lato Sensu,,2020-08-11
2e7c78a1-0909-4faf-a9c8-cb8a02cb9427,ESP015,Especialização em Orientação Educacional,Cerro Largo,CERRO LARGO,RS,,Ativo,Lato Sensu,Especialização,Presencial,Sequencial,,CPGLS: Curso de Pós-Graduação Lato Sensu,EDUCAÇÃO,2020-08-11
59e9ae54-47ff-461b-badc-320abdbc1239,ESP009,Especialização em Educação Integral,Erechim,ERECHIM,RS,,Ativo,Lato Sensu,Especialização,Presencial,Sequencial,,CPGLS: Curso de Pós-Graduação Lato Sensu,EDUCAÇÃO,2020-08-11
27064979-9190-4375-823b-241d5512aafb,ESP006,Especialização em Ensino de Língua e Literatura,Realeza,REALEZA,PR,,Ativo,Lato Sensu,Especialização,Presencial,Sequencial,,CPGLS: Curso de Pós-Graduação Lato Sensu,LÍNGUA PORTUGUESA,2020-08-11
e13e94e1-aa9b-486e-be48-75ff9518399e,ESP132,Especialização em Direitos Humanos,Realeza,REALEZA,PR,,NI,Lato Sensu,Especialização,Presencial,Sequencial,,CPGLS: Curso de Pós-Graduação Lato Sensu,EDUCAÇÃO,2020-08-11
f8dfc0f1-68d8-4e6d-aa19-044529b1eaa2,ESP094,Residência Médica em Oftalmologia - Hospital de Olhos,Passo Fundo,PASSO FUNDO,RS,,NI,Lato Sensu,Especialização,Presencial,Sequencial,,PRMEPF: Programa de Residência Médica Passo Fundo,MEDICINA,2020-08-11
2631a3c0-6aef-432e-b9b2-c421bbf5050e,ESP030,Residência Médica em Clínica Médica em Radiologia e Diagnóstico por Imagem – Hospital da Cidade de Passo Fundo,Passo Fundo,PASSO FUNDO,RS,,NI,Lato Sensu,Especialização,Presencial,Sequencial,,PRMEPF: Programa de Residência Médica Passo Fundo,MEDICINA,2020-08-11
aab41222-4b72-4b78-a6c3-b82d85e7a8b9,ESP062,Residência Médica em Clínica Médica - Hospital Regional do Oeste,Chapecó,CHAPECÓ,SC,,Ativo,Lato Sensu,Especialização,Presencial,Sequencial,,PRMECH: Programa de Residência Médica Chapecó,MEDICINA,2020-08-11
08c56feb-c770-4e63-9a8f-caf309bbf17f,ESP020,Residência Médica em Cardiologia - Hospital da Cidade de Passo Fundo,Passo Fundo,PASSO FUNDO,RS,,Ativo,Lato Sensu,Especialização,Presencial,Sequencial,,PRMEPF: Programa de Residência Médica Passo Fundo,MEDICINA,2020-08-11
58cc9458-f5c9-4e1a-8fa8-00d4f05d6ccf,ESP095,Residência Médica em Neurologia - Hospital da Cidade de Passo Fundo,Passo Fundo,PASSO FUNDO,RS,,NI,Lato Sensu,Especialização,Presencial,Sequencial,,PRMEPF: Programa de Residência Médica Passo Fundo,MEDICINA,2020-08-11
78a1a8a5-eb9c-4e96-9a87-70bc892201da,ESP008,Especialização em Educação de Tempo Integral,Laranjeiras do Sul,LARANJEIRAS DO SUL,PR,,Ativo,Lato Sensu,Especialização,Presencial,Sequencial,,CPGLS: Curso de Pós-Graduação Lato Sensu,CIÊNCIAS HUMANAS,2020-08-11
9cf1cd14-8a49-4ca1-beb9-6a269d144bf3,ESP093,Residência Médica em Mastologia - Hospital da Cidade de Passo Fundo,Passo Fundo,PASSO FUNDO,RS,,NI,Lato Sensu,Especialização,Presencial,Sequencial,,PRMEPF: Programa de Residência Médica Passo Fundo,MEDICINA,2020-08-11
87b97485-e966-4a6f-b324-12d20ef7c980,ESP013,Especialização em Epistemologia e Metafísica,Erechim,ERECHIM,RS,,Ativo,Lato Sensu,Especialização,Presencial,Sequencial,,CPGLS: Curso de Pós-Graduação Lato Sensu,FILOSOFIA,2020-08-11
04496f51-6013-4651-8bad-ed6c441c7096,ESP070,Residência Médica em Dermatologia - Hospital São Vicente de Paulo,Passo Fundo,PASSO FUNDO,RS,,Ativo,Lato Sensu,Especialização,Presencial,Sequencial,,PRMEPF: Programa de Residência Médica Passo Fundo,MEDICINA,2020-08-11
0c817bf7-ded2-4b94-a590-b99703cba494,ESP067,Especialização em Educação do Campo com Ênfase em Estudos da Realidade Brasileira,Chapecó,CHAPECÓ,SC,,Ativo,Lato Sensu,Especialização,Presencial,Sequencial,,CPGLS: Curso de Pós-Graduação Lato Sensu,EDUCAÇÃO,2020-08-11
16d4423e-99a4-43bc-9d6b-0cd3dc310208,ESP071,Especialização em Educação do Campo,Laranjeiras do Sul,LARANJEIRAS DO SUL,PR,,Ativo,Lato Sensu,Especialização,Presencial,Sequencial,,CPGLS: Curso de Pós-Graduação Lato Sensu,EDUCAÇÃO,2020-08-11
