_id,projeto_registro,projeto_titulo,coordenador,nome_campus,desc_area_cnpq,palavras_chave,resumo,modalidade,situacao,data_atualizacao
d76e8d34-3fad-4888-83f1-ee4d645be476,CUL-2020-0020,Sobre Encontros e Trocas: Dialogando com os Povos Originários,GENI VANDERLEIA MOURA DA COSTA,Cerro Largo,CIÊNCIAS HUMANAS,Diálogo intercultural; Diversidade cultural; Povos indígenas; Relações étnico-raciais,"A ação aqui proposta refere-se a uma roda de conversa com lideranças indígenas, que debaterão sobre relações étnico-raciais, buscando estimular práticas e atitudes que combatam o preconceito e visibilizem os povos indígenas nos espaços públicos e institucionais. Intitulada ""Sobre Encontros e Trocas: Dialogando com os Povos Originários"", a atividade terá início às 19h e o término está previsto para as 22h do dia 06 de novembro de 2020 e as inscrições se darão de 03 a 06 de novembro, via formulário google. Esse evento justifica-se na necessidade de trazer visibilidade para as culturas dos povos indígenas, buscando, através do diálogo, romper barreiras existentes e estabelecer uma relação intercultural pautada no respeito e na valorização da diversidade. Desse modo, busca-se construir um espaço de escuta (e, portanto, reflexão), uma vez que é esse um modo coerente de desconstruir estereótipos e visões ultrapassadas sobre esses povos e espera-se que o evento contribua no sentido de ampliar visões de mundo, buscando o respeito e  a valorização entre diferentes (mas igualmente importantes) culturas.",Evento,PROJETO_EXECUCAO,2020-11-17
b2f4503a-9e01-4f6d-935e-d1d761b7c074,CUL-2018-0026,Cine debate sobre computação e tecnologia.,GUILHERME DAL BIANCO,Chapecó,CIÊNCIAS EXATAS E DA TERRA,computação; Debate; filme; tecnologia,"Mensalmente trazer duas sessões de cinema relacionados a tecnologia e computação e debater sobre o tema. As sessões de cinema incluem exibição de curta metragem ou episódios de série, e exibição de filmes ou documentários no último sábado de cada mês. Para cada sessão um professor será convidado para debater sobre o assunto relacionado.
",Evento,PROJETO_EXECUCAO,2020-11-17
521c13e3-1691-4f4e-8e53-45edf88f9de4,CUL-2019-0014,Comemoração ao Dia da Bandeira do Haiti,GABRIELA RIBEIRO CARDOSO,Laranjeiras do Sul,"LINGUÍSTICA, LETRAS E ARTES",Imigrantes; Pró-Haiti; Valorização cultural,"O evento “Comemoração ao Dia da Bandeira do Haiti” está inserido no âmbito das ações do Programa de Acesso à Educação Superior da UFFS para Estudantes Haitianos – PROHAITI - Pró-Haiti e possui como objetivo geral valorizar a cultura haitiana visando a integração e a troca de conhecimento entre os acadêmicos haitianos e brasileiros. O evento será realizado no dia 17/05, das 09h às 12h no auditório do Bloco A. Os haitianos apresentarão um vídeo com fotografias e músicas do Haiti, bem como aspectos gerais das tradições culturais do país. Serão também apresentadas à comunidade acadêmica as seguintes comidas típicas haitianas: bouyon, bannann fri, salad rouj, poul fri, diri kole a pwa, sòs kalalou,  feitas pelos estudantes. ",Evento,PROJETO_FINALIZADO,2020-11-17
957630e5-eccd-427e-ac54-46039f6000f9,CUL-2019-0047,Concurso de Natal – Portas decoradas,JACIELE HOSDA,Laranjeiras do Sul,"LINGUÍSTICA, LETRAS E ARTES",Concurso; Decoração; Natal; Porta,"O Concurso de Natal – portas decoradas consiste em uma competição artística de decoração das portas dos setores, ou salas, com temas natalinos, que ao final será avaliado, e as portas que ficarem melhores classificadas receberão um prêmio.",Evento,PROJETO_EXECUCAO,2020-11-17
a84e0971-636d-484f-8dce-033b9f330841,CUL-2018-0037,Cine Vagamundo CINEMA BRASILEIRO: PORNOCHANCHADA,ELISIANE DA SILVA QUEVEDO,Erechim,"LINGUÍSTICA, LETRAS E ARTES",Cinema; Estética ; Linguagem ; Pornochanchada ,"No Brasil, na década de 1970, a pornochanchada movimentou o cinema nacional. Sucessora da chanchada, estilo que mesclava comédia e picardia, o gênero acrescentou um toque de erotismo aos filmes. Com uma produção considerável, alcançou grande público e foi alvo de inúmeras críticas. Marcada pela censura de ordem política do período, a pornochanchada, também conhecida como o cinema da “boca de lixo”, é até hoje estigmatizada. Pensando em discutir este gênero do cinema nacional, o Cine Vagamundo, projeto cultural da UFFS – Campus Erechim, apresenta a mostra temática“Cinema Brasileiro: Pornochanchada”.

A programação compreende quatro filmes a serem exibidos no Auditório do Bloco dos Professores. Para começar, na sessão do dia 17, o professor Gerson Severo participará com um debate que pretende abordar, entre outros aspectos, a importância do gênero para o cinema brasileiro e combate à ditadura.
",Evento,PROJETO_FINALIZADO,2020-11-17
b338a927-dc52-4c07-b248-cfe892055cf4,CUL-2018-0034,"Oficina de musicoterapia, Sonora -Terra Tambores",ELISIANE DA SILVA QUEVEDO,Erechim,"LINGUÍSTICA, LETRAS E ARTES",Musicalidade; Relaxamento ; Silêncios; Tambores ,"A musicoterapia é uma técnica terapêutica através da música. Um híbrido entre arte e saúde, busca promover a comunicação, a expressão e o aprendizado. Por ser uma terapia que, para produzir efeito, necessita que o participante esteja imerso em um estado de concentração, limitamos o número de participantes a 30 (trinta) pessoas. Caso o número de inscritos ultrapasse esse número, será feita uma seleção com base nas respostas fornecidas no formulário de inscrição. O resultado será divulgado em 24/08 por e-mail e também na página Cultura UFFS - Campus Erechim no Facebook. ",Evento,PROJETO_FINALIZADO,2020-11-17
143ae291-4195-46e2-ad20-346eeb2b77d4,CUL-2020-0017,Clube da Leitura do Campus Passo Fundo da UFFS – 2ª edição,REGINA INÊS KUNZ,Passo Fundo,"LINGUÍSTICA, LETRAS E ARTES",cultura; empatia; literatura,"A 2ª edição do clube de leitura terá como objetivo a integração e desenvolvimento pessoal dos colaboradores, possibilitado por um ambiente receptivo para debates de obras literárias, no intuito de despertar uma visão mais crítica e politizada da sociedade contemporânea. O grupo realizará encontros
mensais, prioritariamente de modo remoto, mediante leitura prévia do título a ser debatido, com duração de aproximadamente 4 horas, nos quais serão relatadas as interpretações dos participantes. O principal objetivo deste projeto é estimular o hábito da leitura extracurricular, voltada à temas de
relevância e impacto social, os quais configuram um ambiente notoriamente diverso e muitas vezes mutável.",Projeto,PROJETO_EXECUCAO,2020-11-17
f195d025-5132-4c08-b51a-9821aa0276b3,CUL-2020-0001,Oficina oratória e persuasão: o medo e os processos comunicativos,ELISIANE DA SILVA QUEVEDO,Erechim,"LINGUÍSTICA, LETRAS E ARTES",Comunicação; Oratória; Persuasão,"Entender a comunicação como função social é uma questão sine qua non, já que é por ￼meio dela que o ser humano se constituiu como ser pensante. O ato de falar, muito está ligado às relações psico-afetivo-linguísticos, pois enquanto um processo cognitivo, interativo e criativo exige certa capacidade comunicativa. Processo pelo qual integra-se ao mundo, já que a linguagem deve ser vista como um conceito multifacetado, que, além de formar o código, une os usuários e os permitem diferentes situações de comunicação. Dessa forma, a oficina, ministrada por Jonny Guimarães, constitui-se de uma proposta prática na aplicação de conteúdos que contemplem os aspectos da linguagem verbal e
￼não-verbal para o aperfeiçoamento de pressupostos norteadores à Oratória e Persuasão. De modo que o estudo divide-se em dois momentos “O medo como inibidor no mundo acadêmico: vencendo o medo” e “Processos comunicativos: expressão verbal e expressão não-verbal”. Busca-se, por meio dos seguintes itens, uma melhor preparação comunicacional, visando uma conquista de prestígio nos meios sociais e profissionais
￼",Evento,PROJETO_FINALIZADO,2020-11-17
d8e172c5-13f2-4d54-a685-1d2d1866512e,CUL-2019-0025, Educação Musical,CRISTIAN RICARDO DE OLIVEIRA CASTRO PAZINI,Laranjeiras do Sul,"LINGUÍSTICA, LETRAS E ARTES",cultura; musica; socialização,"A cultura encontra-se relacionada com todas as esferas da vida social e cotidiana de determinado grupo. Através da cultura, em especial a música, tem-se a oportunidade de integrar pessoas de diferentes etnias, níveis de escolaridade e posição social, sendo um instrumento que permite superar barreiras e quebrar  preconceitos. Desde 2013, através do Projeto de Educação Musical da Universidade Federal da Fronteira Sul (UFFS), campus Laranjeiras do Sul, busca-se formar, informar, integrar e interagir a comunidade interna e externa da UFFS. Neste sentido, este projeto tem por objetivo desenvolver um conjunto de ações na forma de capacitação aos bolsistas, apresentações musicais abertas ao público, oferecimento de aulas teóricas e práticas de instrumentos como o violão, viola caipira e contrabaixo para a comunidade de inserção da Universidade Federal da Fronteira Sul (UFFS) e aos adolescentes com alto índice de vulnerabilidade atendidos pelo Centro da Juventude Aurélio Romancini Neto. Através do desenvolvimento deste Projeto de Educação Musical, pretende-se possibilitar aos envolvidos o acesso ao conhecimento e desenvolvimento musical,  à participação nas atividades e projetos culturais, à integração dos cursos e setores da UFFS e da universidade-comunidade regional de Laranjeiras do Sul-PR.",Projeto,PROJETO_EXECUCAO,2020-11-17
44bbedcf-ee57-49fb-ac3c-1ec1eaec0639,CUL-2019-0009,Clube da Leitura do Campus Passo Fundo da UFFS,REGINA INÊS KUNZ,Passo Fundo,"LINGUÍSTICA, LETRAS E ARTES",Desenvolvimento pessoal; Empatia; Literatura,"O clube de leitura terá como objetivo a integração e desenvolvimento pessoal dos colaboradores, possibilitado por um ambiente receptivo para debates de obras literárias, no intuito de despertar uma visão mais crítica e politizada da sociedade contemporânea. O grupo realizará encontros mensais, nas dependências do Campus Passo Fundo da UFFS, mediante leitura prévia do título a ser debatido, com duração de aproximadamente 4 horas, nos quais serão relatadas as interpretações dos participantes. Este projeto foi idealizado com base no pressuposto defendido pelo estudioso Antonio Cândido, o qual evidencia a importância da literatura no desenvolvimento da empatia e na construção do indivíduo enquanto cidadão.",Projeto,PROJETO_AGUARDA_CERTIFICACAO,2020-11-17
c45c3aea-3bb5-4960-b0bf-a29f3c6fceb1,CUL-2019-0026,LEITURAS DRAMÁTICAS DA HISTÓRIA,DELCIO MARQUETTI ; RICARDO MACHADO,Chapecó,"LINGUÍSTICA, LETRAS E ARTES",Dramaturgia; Fonte histórica; História; Leitura dramática,"O projeto consiste na leitura de textos dramatúrgicos que, ao mesmo tempo em que envolvam os acadêmicos numa ação cultural por meio da linguagem artística-teatral, promovam a problematização desses textos em perspectiva historiográfica, ou seja, reflexão que tome os textos lidos como fontes historicamente construídas. Após a leitura e o debate em torno de uma coletânea de textos, será eleito um deles para que se promova uma leitura mais exaustiva, que culminará na montagem de um espetáculo de leitura dramática, com uma apresentação aberta à comunidade, nas dependências do SESC de Chapecó.

",Projeto,PROJETO_EXECUCAO,2020-11-17
ef8bd2c3-a70e-4a49-b412-45034534a8d1,CUL-2018-0012,"Fotografando os invisíveis: corpos, saberes e lugares excluídos captados pela lente (Segunda edição)",FABIO FRANCISCO FELTRIN DE SOUZA,Erechim,"LINGUÍSTICA, LETRAS E ARTES",Erechim; Fotografia; Saberes; Subalternidade; Visibilidade,"Erechim se constitui visualmente como uma cidade moderna, civilizada, higienizada e herdeira das tradições parisienses. Tal fato é possível de ser averiguado nos catálogos comemorativos da cidade nos anos de 1950 e de 2018. Nos dois momentos, as fotografias representam o centro da cidade, as ruas diagonais, o chafariz e a praça central. Há aí uma intencionalidade, um discurso, uma criação visual e identitária para Erechim. Essa matriz de pensamento vem sendo questionada tanto pelo pensamento crítico, como pelos estudos pós-coloniais que questionam a colonialidade do saber, das artes e da produção de verdades. Somado a isso, temos no contemporâneo uma incrível capacidade de produção de imagens, sobretudo de fotografias, graças às câmeras digitais e de celulares. Esse suporte se proliferou de tal forma que não seria forçoso supor que vivemos hoje numa sociedade de espetáculo de fato. Por isso, dentro de uma concepção de cultura como forma a desnaturalizar os processos de exclusão existentes, a proposta do projeto é trazer a tona as mais variadas faces da cidade de Erechim. Apresentar as mais diferentes culturas aqui presentes que são negadas pelos próprios processos de segregação atuante em nossa sociedade. São Senegaleses, Haitianos, Nordestinos, Índios, Prostitutas, Caboclos, Transexuais, Homossexuais... que têm suas identidades negadas a partir dos mais variados processos de exclusão. Para além de uma cidade que se quer moderna e europeia, buscamos não apenas mostrar exclusões e ocultamentos mediante o suporte fotográfico, mas, antes positivar saberes, imagens e corpos marginais, operando, dessa forma, uma certa descolonialidade do saber e da captação de imagens.",Projeto,PROJETO_FINALIZADO,2020-11-17
ec12b282-00ae-48a5-965e-e64b764abb2b,CUL-2019-0036,"A história da cura - Filme ""O físico"": reflexões sobre a medicina na Idade Média",SAMIRA PERUCHI MORETTO,Chapecó,CIÊNCIAS HUMANAS,Cinema; Cultura; Medicina,"O evento possui o intuito de contribuir culturalmente com a compreensão de uma perspectiva do surgimento do profissional médico, bem como do desenvolvimento da medicina no século XI. O projeto faz uso da mídia cinematográfica para criar um espaço lúdico onde possa haver maior apropriação do conhecimento a ser discutido e um acesso dos participantes ao filme que é relevante para a formação acadêmica. O evento contará com a projeção de um filme e posterior discussão acerca da história da medicina envolvendo os fatores relacionados ao seu surgimento. A sessão ocorrerá em um espaço central, no Campus da UFFS e docentes poderão ser convidados a fazer parte da roda de conversa para contribuir com a discussão sobre o filme projetado. Ademais, consequentes discussões são facilitadores do processo de crescimento pessoal e aprendizado dos participantes, a medida que estimulam a reflexão sobre ações e pensamentos da sociedade antiga e atual. Ao término desse evento espera-se fomentar a cultura e o acesso à arte cinematográfica.",Evento,PROJETO_AGUARDA_CERTIFICACAO,2020-11-17
ed3c3a93-7280-47dd-9f84-0b5cbcf477a9,CUL-2020-0009,Live sobre Consumo de substâncias psicoativas em tempos de pandemia e isolamento social,VANESSA FERREIRA DO LAGO,Reitoria,CIÊNCIAS HUMANAS,isolamento social; pandemia; Substâncias psicoativas; uso/abuso de substâncias,"Live/palestra sobre o Consumo de Substâncias Psicoativas em Tempos de Pandemia e Isolamento Social, a ser realizada pelo professor Anderson Funai, por meio do Facebook UFFS ao vivo. ",Evento,PROJETO_FINALIZADO,2020-11-17
07bd5cc3-db1a-4be8-85d6-5e2f232391a8,CUL-2020-0004,"Mente, Corpo e Arte : o impacto da saúde no desenvolvimento criativo",AGNES DE FÁTIMA PEREIRA CRUVINEL,Chapecó,"LINGUÍSTICA, LETRAS E ARTES",Arte; Comunicação em Saúde; Cultura; Medicina Narrativa; Pandemia,"O evento tem o intuito de contribuir culturalmente para a compreensão do impacto da criação artística e como os elementos relacionados à saúde física e mental dos autores refletiram em suas obras, bem como a exploração de produções artísticas associadas às grandes pandemias. Além disso, essa atividade prevê reflexões relacionadas à medicina narrativa agregada à prática médica na atualidade. O projeto faz uso de plataformas digitais que permitem a execução das atividades de forma lúdica, criativa e interativa. Durante cada “live cultural” os participantes poderão fazer questionamentos e contribuições em tempo real com os mediadores convidados, uma vez que a discussão acerca da arte e sua relação com a medicina é fundamental para formação acadêmica. As atividades serão mediadas pelos professores Áureo Lustosa Guérios, Samira Peruche Moretto e Agnes Cruvinel e serão realizadas em três momentos. O primeiro encontro será por meio de uma Live com o prof. Áureo Lustosa, na qual serão exploradas as obras de Frida Kahlo, Edvard Munch, Sylvia Plath e Manuel Bandeira com posterior discussão acerca da saúde mental e física desses artistas e como isso refletiu em suas obras. A segunda live será mediada pela prof. Dra Samira Peruche, a qual discorrerá sobre a história da arte e sua ligação com as pandemias. Por fim, será realizado a terceira e última live, que será conduzida pela prof. Agnes Cruvinel e pelo prof. Áureo Lustosa, em que a Medicina narrativa será o tema norteador. Acreditamos que essas discussões são ferramentas facilitadoras do processo de crescimento pessoal e aprendizado dos participantes, à medida em que estimulam a reflexão sobre ações e pensamentos artísticos. Ao término dessa atividade espera-se que tenha sido possível fomentar a cultura o acesso à arte, bem como possibilitar um maior estímulo a reflexões em torno das obras que nos cerca.",Curso,PROJETO_EXECUCAO,2020-11-17
1b30a2c3-4e30-48b2-9b5e-63e53d16c09a,CUL-2019-0006,"Cine-debate: Corazón del Tiempo""",RICARDO MACHADO,Chapecó,CIÊNCIAS HUMANAS,anticapitalista;; ciências humanas;; Cine-debate;; movimentos sociais;; zapatista;,"O evento Cine-debate: Corazón del Tiempo"" é uma atividade organizada pelo Centro Acadêmico de História (CAHIS) do campus Chapecó/SC, que visa promover atividade de cultura com a exibição da obra cinematográfica “Corazón del Tiempo”, cuja produção é independente e consiste no cunho social, voltado para a experiências zapatistas em Chiapas, México. Além da exibição, contará com um debate com a mestranda Ana Lília Félix Pichardo (UAZ - Universidad Autónoma de Zacatecas, México) que é pesquisadora do movimento social zapatista em Chiapas no México.",Evento,PROJETO_EXECUCAO,2020-11-17
69a6450e-8cb3-47aa-a6c3-312a4479c46b,CUL-2018-0025,Ações para constituição de grupos vocais na UFFS: Coral Fronteira,MARLEI DAMBROS,Reitoria,"LINGUÍSTICA, LETRAS E ARTES",Coral Fronteira; Grupo vocal; harmonia vocal,O presente projeto visa fazer formação na área da música para estimular a criação de grupos vocais. As atividades serão desenvolvidas por meio de oficinas e palestras teóricas e práticas envolvendo matéria canto e música e terão o intuito de posterior criação de grupos vocais e/ou coral nos campi da UFFS (Chapecó e Erechim). As atividades serão desenvolvidas em parceria com o projeto “Formação em práticas do Grupo Vocal Fronteira”.,Projeto,PROJETO_FINALIZADO,2020-11-17
b00ac643-80eb-42bf-8512-86fa0ccbd2be,CUL-2018-0001,"Haitianos: Respeito, Cultura e Diferenças (parte III)",SAMIRA PERUCHI MORETTO,Chapecó,CIÊNCIAS HUMANAS,Cultura; Haitianos; História; Tolerância,"Em razão, do número expressivo de imigrantes haitianos e senegaleses, e dos casos de desrespeito e discriminação étnica sofrida por eles, percebemos, a necessidade de fazer um trabalho voltado para a conscientização da sociedade sobre a importância do respeito e da necessidade de tolerância, com ênfase na inclusão social, desses grupos citados. Imigrantes haitianos e senegaleses fazem parte do quadro de moradores da cidade de Chapecó, muitos deles vieram atraídos pela presença das agroindústrias, em busca de oportunidades de trabalho. São poucas as tentativas de inclusão desse imigrantes na sociedade local, uma das metidas visando a integração e igualdade de oportunidades, é o programa PROHAITI, da UFFS. No entanto, muito ainda precisa ser feito. Nosso trabalho, é voltado, para a comunidade externa, e pretende trabalhar, em escolas, visando como público-alvo os estudantes de ensino fundamental, de 5º ao 8º ano, buscando a conscientização, para que o indivíduo cresça sabendo respeitar a diversidade, cultural, étnica e social. O objetivo deste projeto é expor os principais aspectos da cultura haitiana para alunos do Ensino Fundamental da rede pública do ensino, com intuito de estimular o respeito e tolerância. Na primeira e segunda parte do Projeto, foi desenvolvido o trabalho na e E. B. M.  Jardim do Lago, e os resultados positivos alcançados (descritos nos relatórios já entregues), nos levaram a elaborar esta proposta, para dar continuidade nas atividades. Nesta fase, o projeto será desenvolvido na Escola Básica Prof.ª. Valesca C. R. Parizotto, escolhida pelo fato de estar localizada no bairro com maior número de haitianos do município. ",Projeto,PROJETO_FINALIZADO,2020-11-17
76d9195a-e0ad-4af1-9e6a-9a6409785ad0,CUL-2020-0013,CUL-2019-0043,CRISTIAN RICARDO DE OLIVEIRA CASTRO PAZINI,Laranjeiras do Sul,"LINGUÍSTICA, LETRAS E ARTES",chimarrão; comunidade acadêmica; Resgate,"As pressões do dia a dia acabam tornando as tarefas mais árduas, reduzindo a convivência com   amigos e colegas, e dificultando a possibilidade de se estabelecer novas amizades. Percebendo isso, alguns acadêmicos da UFFS, campus Laranjeiras do Sul, sentiram a necessidade de promover encontros mensais, de modo a ampliar o convívio e cultivar algumas tradições.
Desta forma, este projeto, inicialmente, visava promover encontros/rodas de mate, música e dança, de modo a resgatar as raízes regionais e integrar a comunidade acadêmica e regional. Porém, com a pandemia, esses encontros presenciais não serão possíveis. A forma que encontrou-se foi realizar uma live por mês, com um número reduzido de participantes e artistas da região de forma a continuar o resgate das raízes regionais e integração da comunidade acadêmica e regional
",Projeto,AGUARDA_PUBLICACAO,2020-11-17
d096d0d6-55a3-4b79-92a7-25fb5665e605,CUL-2018-0008,Clube de Fotografia,LEONARDO RAFAEL SANTOS LEITAO,Chapecó,"LINGUÍSTICA, LETRAS E ARTES",Artes; Clube de fotografia; Cultura; Fotografia,"O Clube de Fotografia pretende ser um espaço de estudo, produção e difusão da fotografia na área de abrangência do campus Chapecó. Através de um grupo de estudo, de oficinas e de exposições, o projeto pretende fomentar a produção da fotografia como forma de expressão artística, bem como colaborar para o desenvolvimento de projetos artísticos e educacionais que envolvam a fotografia. Objetiva-se, assim, que a fotografia como expressão artística e documental ganhe expressão na cidade ampliando tando o público consumidor, quanto qualificando os interessados nesta linguagem artística.",Projeto,PROJETO_PENDENCIA,2020-11-17
ffc772d4-5514-4cee-8185-30ef4977ee65,CUL-2019-0015,Vivência musical e melhoria no convívio universitário coletivo.,JOSSIMARA POLETTINI,Passo Fundo,"LINGUÍSTICA, LETRAS E ARTES",Medicina; Musicoterapia; Qualidade de Vida; Saúde,"Diante da realidade exaustiva de atividades acadêmicas dos graduandos do curso de medicina, a maioria dos alunos faz do ambiente universitário sua única preocupação e prioridade, o que prejudica suas atividades pessoais e, consequentemente, pode se vivenciar aumento do estresse e até mesmo tristeza a partir de possíveis frustrações. Dessa forma, ações que visem a melhoria da qualidade do tempo dispendido no ambiente acadêmico são essenciais para atenuar esse problema. Esse projeto tem como finalidade proporcionar aos estudantes do curso de medicina maior contato com a música em seu tempo de intervalo entre as atividades na Universidade, e, com isso, promover momentos de descontração, além de proporcionar maior integração entre os estudantes de diferentes fases do curso através da realização das atividades em conjunto. Serão propostas  apresentações de grupos músicais formados pelos próprios alunos e colaboradores (docentes, servidores técnicos-adminstrativos) que possuem conhecimento músical, interesse e disponibilidade para realizar uma performance artística nos horários livres. Além disso, será proposto a formação de uma banda contendo instrumentos de corda, sopro e vocais.  A metodologia será a utilizada de forma padrão em grupos músicais, pelo método de treinos práticos e teóricos. No momento em que o grupo possuir contato e intimidade suficiente para fazer fluir uma música por completo, serão agendados os momentos para a apresentação ao público, que ocorrerão no campus da Universidade, em espaço a ser definido. As apresentações serão realizadas nos intervalos dos turnos de aulas, com no máximo 3 (três) músicas por momento.",Projeto,PROJETO_EXECUCAO,2020-11-17
6d3b17a9-0949-4f2d-88b1-f31a2223c321,CUL-2019-0043,Hora do Mate: Integração e Resgate,CRISTIAN RICARDO DE OLIVEIRA CASTRO PAZINI,Laranjeiras do Sul,"LINGUÍSTICA, LETRAS E ARTES",Cultura; Integração; Mate,"As pressões do dia a dia acabam tornando as tarefas mais árduas, reduzindo a convivência com  amigos e colegas, e dificultando a possibilidade de se estabelecer novas amizades. Percebendo isso, alguns acadêmicos da UFFS, campus Laranjeiras do Sul, sentiram a necessidade de promover encontros mensais, de modo a ampliar o convívio e cultivar algumas tradições.
Desta forma, este projeto visa promover encontros/rodas de mate, música e dança, de modo a resgatar as raízes regionais e integrar a comunidade acadêmica e regional.",Projeto,PROJETO_EXECUCAO,2020-11-17
c268beaa-b2d9-4a6a-b766-abf3de66163c,CUL-2019-0016,"UFFS VISTA DO DRONE, II EDIÇÃO",EVERTON GABRIEL BORTOLETTI ; MARLEI DAMBROS,Reitoria,"LINGUÍSTICA, LETRAS E ARTES",Acervo digital; Audiovisual; Produção,"O projeto “UFFS Vista de Cima, II Edição”, objetiva produzir a II Edição do audiovisual
institucional por meio da tecnologia do Drone. Os Drones têm a capacidade de obter imagens
aéreas exclusivas, proporcionando ao realizador de vídeos/imagens um vasto campo de
visibilidade que captam características diversas da área a ser focada. A intenção do II audiovisual é
produzir imagens de vídeo e fotografia, dos diferentes campi da UFFS, considerando os aspectos
diversos que constituem cada um dos campi da UFFS, a ideia desta II Edição, é captar as novas
obras produzidas e demais alterações estruturais, bem como, o entorno regional da universidade. A
partir de um roteiro pré-elaborado, a captação das imagens terão como foco central o corpo
externo da UFFS e o entorno de cada campi, considerando, especialmente, os aspectos culturais da
região. O material objetiva produzir um acervo digital de vídeo e imagens que visa fortalecer a
divulgação da universidade nos diferentes espaços, dados os 10 primeiros anos da universidade. A
I Edição do vídeo teve uma repercussão muito importante para a UFFS, pois muitas pessoas
puderam visualizar a magnitude das obras produzidas, além do vasto território de sua abrangência.
Além disso, o material produzido teve mais de 76 mil visualizações, e mais de 1.800
compartilhamentos. O material pretende também produzir um vídeo com linguagem acessível a
todos os usuários.",Projeto,PROJETO_EXECUCAO,2020-11-17
9826243f-61e9-4beb-8fb9-6be8a2d6a4b9,CUL-2019-0030,"Projeto Trombatuque: promoção do bem-estar biopsicossocial através da percussão: saúde mental, cultura e sociabilidade no Campus Chapecó, promovendo integração dos estudantes e comunidade.",PAULO HENRIQUE DE ARAUJO GUERRA,Chapecó,"LINGUÍSTICA, LETRAS E ARTES",Interação; Música; Percussão; Samba,"O projeto visa a distração e o conforto psicológico dos acadêmicos do curso de medicina UFFS-Chapecó, bem como a aproximação musical e cultural da comunidade local, proporcionando a maior interação e aproximação. Nesse sentido, buscando meios para elaborar uma alternativa concreta de recreação em meio à rotina difícil de aulas e à pressão que o curso apresenta, foi fundada a Bateria Trombatuque, objetivando, além dos motivos já citados, também a participação em competições próprias de baterias e apresentações em contextos externos à Universidade.",Projeto,PROJETO_EXECUCAO,2020-11-17
d44d9209-e13f-4f0d-93c5-61fecef42594,CUL-2019-0011,I Encontro CHITA PALE com a Help People sobre a situação atual do Haiti,VICENTE NEVES DA SILVA RIBEIRO,Chapecó,CIÊNCIAS HUMANAS,Conjuntura; Desenvolvimento sustentável ; Haiti; Organizações do Terceiro Setor; Redes de auxílio,"O Haiti nação, carente e sedenta por vida, vida digna e de justiça social. Tem uma história política carregada de alternâncias entre visões de mundo, trazendo para as comunidades mais pobres além das dificuldades históricas com o intemperismo geoclimático.
Vários estudantes da Universidade Federal da Fronteira Sul (UFFS), da Universidade da Integração Latino-Americana (UNILA), de diversas áreas do conhecimento unem-se para estabelecer uma plataforma para produzir alternativas de auxílio humanitário e de desenvolvimento das comunidades carentes no Haiti. Assim nasce a Help People, da consciência da juventude, do compromisso com a terra e suas origens, tal desejo, revestido de muitos sonhos, passou a ser compartilhado, obstáculos foram ultrapassados e algumas ações já realizadas. Ações que tem em seu seio gerar autonomia, da transformação duradoura, em Meio Ambiente, Saúde, Educação, Agricultura, Assistência Social e Cultura.
Dos desafios que o caminho percorrido sinalizou vem a necessidade de apresentar a Help People como uma organização disposta a ouvir, com sonhos que precisam de muitas mãos e cabeças para vencer os desafios postos. 
Da finalidade da Help People nascem necessidades de angariar adesões, fundos e aprofundar seus saberes com práticas e vivências. Estrategicamente realizar eventos e aproximações com a comunidade acadêmica e seus possíveis apoiadores é uma condição desejada e na qual este evento tem por objetivo.",Evento,PROJETO_EXECUCAO,2020-11-17
1c31b8ac-2295-48a9-a18e-6cefcc82fd66,CUL-2019-0032,Slam! Abraçando as minorias,PAULO RICARDO MULLER,Erechim,CIÊNCIAS HUMANAS,Marginalidade; Minorias; Performance; Poesia; Slam,"O Slam é ao mesmo tempo um evento e um tipo de organização de poetas de diferentes origens sociais, escritores, rappers, professores e estudantes de literatura, autoidentificados como “marginais” por pertencerem a grupos sociais marginalizados da sociedade ou por abordar temas e questões relevantes socialmente para esses grupos. O presente projeto buscará formar um coletivo de slam na UFFS – Campus Erechim, fomentando o compartilhamento e a elaboração, na forma de poesias e performances, das experiências de inserção social e acadêmica de seus estudantes na região de inserção da universidade.",Projeto,PROJETO_EXECUCAO,2020-11-17
a8782199-3c48-474f-a922-30722467c10d,CUL-2019-0050,Oficinas de: Teatro Realista Stanislavski e Grotswski; Handebol e Karatê Pedagógico,CRISTIAN RICARDO DE OLIVEIRA CASTRO PAZINI,Laranjeiras do Sul,"LINGUÍSTICA, LETRAS E ARTES",arte-educão; Handebol; Karatê; Teatro,"O presente projeto tem por objetivo formar profissionais que atuam nas áreas da educação, esporte, cultura, da saúde e do serviço social, e que sejam vinculados às instituições de Laranjeiras do Sul e região da Cantuquiriguaçu, fazendo-se uso do teatro como principal instrumento para promover a constituição de perspectivas educativas para suas entidades, tais como: escolas, entidades sociais, grupos de crianças e adolescentes em risco social e econômico. A oficina de Teatro, que ocorrerá no dia 27/01/19, tem a prerrogativa da formação do ator com o moderno método em Stanislaviski para constituição de habilidades técnicas, tal como ação física, emotiva, atenção, comunhão, e seu estado interior de criação. Além disso, fornece instrumentos tanto para a atuação junto ao público como arte-educador, quanto para a realização de praticas para o desenvolvimento de habilidades básicas de atuação e direção teatral. Para apresentar os resultados do processo de formação, projeta-se um dia de amostra, denominado de “III FESTIVAL DE CENAS CURTAS”, a fim de envolver escolas, entidades e parceiros institucionais para prestigiar e ampliar as possíveis novas parcerias. Pretende-se viabilizar a participação de grupos de teatro, de atores/atrizes amadores ou profissionais autônomos, para que façam uso do espaço cênico e promovam o intercâmbio da arte em Laranjeiras do Sul e região. Não haverá custo  à UFFS. Hà a possibilidade autofinanciamento e patrocínios. Além disso, teremos as oficinas de: 
Oficina prática de Handebol, no dia 28/01, tendo como conteúdo programático; fundamentos básicos, esquemas táticos (6x0, 4x2 e 5x1), esquemas de ataque e defesa, estratégia de jogos e treinos (Público alvo; Atletas, alunos das escolas de ensino médio, da UFFS e profissionais da Educação Física da cidade e região; 
II Workshop de Karatê Pedagógico, ocorrerá no dia 29/01/19, terá a parceria com a FKTPR e Diretoria científica da CBKT.
Conteúdo programático; Apresentação de relatos de experiência do Karatê de professores da cidade e do Estado. Estrutura de aulas práticas. Discussão sobre conhecimentos e oficinas teóricas do Karatê. Referências literárias do Karatê Shotokan. Treinamento de fundamentos básicos e intermediários ( deslocamento, rotação, vibração, kime, budô). Katas básicos e intermediários. Correlação entre fundamentos, kata e kumite. Discussão do trabalho de condicionamento físico complementar(Público alvo; alunos a partir da faixa laranja e professores de Karatê). 
Curso de TEATRO Realista, 27/01 – 9h. Conteúdo programático; o teatro como ferramenta social e pedagógica, conceitos básicos em Stanislavski, Grotswski e o realismo, Literatura e teatro realista, exercícios para os monólogos e preparação para o III Mostra de Teatro de cenas curtas e monólogos. Público alvo; professores, acadêmicos, monitores, atores e atrizes amadores da cidade de região
Pretende-se difundir o Karatê-Do e promover anualmente o encontro de profissionais que atuam nas áreas da educação",Evento,PROJETO_FINALIZADO,2020-11-17
09e19042-6226-4036-86ee-06e1e3de8779,CUL-2019-0029,UFFS NO MUSEU ,JAISSON TEIXEIRA LINO,Chapecó,CIÊNCIAS HUMANAS, museus; patrimônio cultural; produção cultural,"O presente projeto objetiva apresentar proposta de desenvolvimento de atividades de cultura em museus, espaços museológicos, casas de cultura e memória, secretarias de cultura, dentre outros, na região de abrangência da Universidade Federal da Fronteira Sul (UFFS), isto é, na região da Fronteira do Mercosul. As atividades consistem em catalogação, higienização, pesquisa, elaboração de exposições, visitas guiadas e projetos educacionais envolvendo comunidade interna (docentes, estudantes e técnicos) e externa (profissionais dos espaços referidos e o público em geral). Espera-se com este projeto um grande alcance da UFFS junto ao público em geral, pois será uma oportunidade de promover a inserção da universidade em espaços de excelência de formação e difusão da cultura em um amplo sentido, envolvendo expressões de arte, arquitetura, arqueologia, história e ciências da natureza. Ao mesmo tempo, proporcionará a participação da comunidade acadêmica junto à população de uma ampla área geográfica contemplando, inclusive, a presença em pequenos municípios.
",Projeto,PROJETO_EXECUCAO,2020-11-17
04676f02-3af3-4289-af0b-3cd98383cc16,CUL-2018-0032,Oficina Descobrindo sua linguagem com o mundo através do sistema representacional ,ELISIANE DA SILVA QUEVEDO,Erechim,"LINGUÍSTICA, LETRAS E ARTES",Autoidentificação. ; . Conhecimento.; Representação,"Os sistemas representacionais nos ajudam a compreender como um indivíduo constrói e representa o seu modelo de mundo, ou seja, como a pessoa é, seus padrões linguísticos e de comportamento, sentimentos e seus valores.
Pode nos ajudar a:
– Estudar melhor; lembrar e aprender mais rapidamente; relacionar-se melhor com os outros; identificar e entrar no modelo de mundo dos outros; planejar-se e alcançar resultados mais rapidamente em todas as áreas de sua vida; mudar hábitos e comportamentos indesejados, entre outros. 
",Evento,PROJETO_FINALIZADO,2020-11-17
6dcc7e94-7172-4ac3-83f7-6f0ea13f202a,CUL-2019-0022,Grupo de teatro La broma,ANA CAROLINA TEIXEIRA PINTO,Realeza,"LINGUÍSTICA, LETRAS E ARTES",ensino; formação de plateia; teatro,"O Grupo de teatro La broma, em concordância com as diretrizes da COEPE, propõe a desenvolvimento de grupo de artes performáticas, apreciação de arte e formação de plateia. O grupo, que nasceu em 2011 do Projeto de Extensão Língua e cultura hispânica, conta com alunos da UFFS e da comunidade regional. Já realizou apresentações em várias cidades da região, em eventos nacionais e internacionais. As atividades que são desenvolvidas visam proporcionar outras possibilidades de reflexão a partir de diferentes linguagens, particularmente, aquelas vinculadas às artes cênicas. Neste edição a proposta é focada na elaboração e execução de peças para o público infanto-juvenil e idoso. Contamos com a parceria da Prefeitura e escolas dos municípios de Realeza e algumas escolas estaduais. E da Casa Centro dia, local de acolhimento e recreação de idosos, além de apresentações em eventos da UFFS e comunidade externa.

",Projeto,PROJETO_EXECUCAO,2020-11-17
6e66c99b-515f-42b4-9cef-31a259c32129,CUL-2018-0038,Cine Vagamundo & Cine Trans,ELISIANE DA SILVA QUEVEDO,Erechim,"LINGUÍSTICA, LETRAS E ARTES",Cinema; Inclusão ; Transexuais; Transgêneros," Universidade Federal da Fronteira Sul (UFFS) – Campus Erechim, através da Articulação de Cultura em parceira com o Centro de Referência em Direitos Humanos e Igualdade Racial Marcelino Chiarello, promove, entre os dias 7 e 28 de agosto, o Cine Vagamundo & Cine Trans. A iniciativa exibirá dois filmes e dois documentários que têm em seus enredos temáticas referentes ao universo dos transexuais e transgêneros.
As sessões, abertas para toda a comunidade acadêmica e regional, ocorrem no Campus da UFFS, no Auditório do Bloco dos Professores. ",Evento,PROJETO_FINALIZADO,2020-11-17
93e36098-428b-4f6e-a1b5-25f200cf2d7a,CUL-2018-0016,Literatura e Fotografia: narrativas e encontros na cidade,CAMILA CARACELLI SCHERMA,Chapecó,CIÊNCIAS HUMANAS,Atividade estética; Espaços da cidade; Estudos bakhtinianos; Fotografia; Literatura,"

A partir do pensamento bakhtiniano acerca da atividade estética como parte constitutiva das relações sociais em diferentes esferas de atividade, bem como da relação entre a arte e a vida como campos da cultura humana, este projeto apresenta-se com o objetivo geral de constituir grupo de formação artístico-cultural nas linguagens literária e fotográfica, fundamentado na atividade estética como resposta a lógicas hegemônicas, especialmente às lógicas da competitividade, da aceleração do tempo e do ritmo do cotidiano, da mercantilização dos espaços e da difusão do conservadorismo. Para tanto, propõe-se um conjunto de estudos e de atividades de criação artístico-cultural, mais especificamente relacionado às esferas da literatura e da fotografia. O que aqui se projeta é a constituição e fortalecimento de um grupo de sujeitos que partirão dos estudos acerca de três pontos balizadores: a) a concepção de atividade estética para o pensamento do filósofo russo Mikhail Bakhtin e de seu Círculo em diálogo com outros pensadores e estudiosos da estética; b) as concepções e meios de criação na esfera literária; c) as concepções e meios de criação na esfera da fotografia. Este projeto constrói, portanto, um diálogo entre duas esferas de atividade humana entrecruzadas à criação – a literatura e a fotografia – e o faz propondo um conjunto de atividades para proporcionar uma relação e uma compreensão outra dos espaços da cidade e das formas como esses espaços se entrecruzam às criações literárias e fotográficas. Além disso, esta proposta aqui apresentada constitui-se como oportunidade de trabalho de criação coletiva de um grupo artístico-cultural que, além de promover ações visando a formação de sujeitos em diferentes linguagens, vai, ele mesmo, construindo caminhos de formação artístico-cultural para os seus integrantes.   ",Projeto,PROJETO_PENDENCIA,2020-11-17
1295fdb1-db18-46d7-b3e9-b35fb72c0e4b,CUL-2019-0034,FRONTEIRAS SONORAS: ARRANJOS CULTURAIS DO COLETIVO SINFONIA NA CIDADE NO CAMPUS ERECHIM,MARCELA ALVARES MACIEL,Erechim,CIÊNCIAS SOCIAIS APLICADAS,Arte Sonora; Educação Sonora; Paisagem Sonora; Patrimônio Imaterial; Reabilitação Sonora,"A partir de uma apropriação prática do conceito de paisagem sonora, no presente trabalho propõe- se a desenvolver arranjos culturais no campus Erechim denominados Fronteiras Sonoras. Os arranjos culturais desenvolvidos pelo coletivo Sinfonia na Cidade envolverão processos de co- criação entre os discentes e divulgação no formato de mostras e oficinas. Utilizando técnicas de arte sonora como campo expandido, as propostas ações culturais no campus Erechim pretendem a promoção de um espaço coletivo de experiências sonoras, como estratégia inovadora para a transformação social.",Programa,AGUARDA_PUBLICACAO,2020-11-17
3d55fe19-d27e-468b-8afb-e92096a166f1,CUL-2019-0020,"Respeito, Cultura e Diferenças (parte IV)",SAMIRA PERUCHI MORETTO,Chapecó,CIÊNCIAS HUMANAS,Cultura; Diversidade; Haitianos; Respeito,"Em razão, do número expressivo de imigrantes haitianos e senegaleses, e dos casos de desrespeito e discriminação étnica sofrida por eles, percebemos, a necessidade de fazer um trabalho voltado para a conscientização da sociedade sobre a importância do respeito e da necessidade de tolerância, com ênfase na inclusão social, desses grupos citados. Imigrantes haitianos e senegaleses fazem parte do quadro de moradores da cidade de Chapecó, muitos deles vieram atraídos pela presença das agroindústrias, em busca de oportunidades de trabalho. São poucas as tentativas de inclusão desse imigrantes na sociedade local, uma das metidas visando a integração e igualdade de oportunidades, é o programa PROHAITI, da UFFS. No entanto, muito ainda precisa ser feito. Nosso trabalho, é voltado, para a comunidade externa, e pretende trabalhar, em escolas, visando como público-alvo os estudantes de ensino fundamental e médio, buscando a conscientização, para que o indivíduo cresça sabendo respeitar a diversidade, cultural, étnica e social. ",Projeto,PROJETO_EXECUCAO,2020-11-17
0a704e03-e2a2-4b1e-9a13-48b126ded04a,CUL-2019-0023,"Devassos, Grupo de Teatro da UFFS – Campus Erechim",JORGE VALDAIR PSIDONIK,Erechim,"LINGUÍSTICA, LETRAS E ARTES", Cultura. ; Educação.; Teatro.,"A presente proposta, já contemplada por editais anteriores (2014, 2015 e 2016), consiste em dar continuidade ao Projeto Devassos e ao Grupo de Teatro da UFFS – Campus Erechim; fortalecer e consolidar este grupo teatral, que em seus cinco anos de atividade, foi responsável pela realização de oficinas semanais de teatro, contanto com a participação de 150 pessoas e pela produção e montagem de trabalhos apresentados em espaços da UFFS, do 35º SEURS e da cidade de Erechim como os espetáculos e performances: Contos de Carnaval para Crianças; A Mulher sem Pecado; Casamento Caipira; Corpos em movimento: minúscula intervenção no espaço; Ensaio sobre Navalha; e Ensaio sobre Sartre.",Projeto,PROJETO_EXECUCAO,2020-11-17
5860514c-e4b0-442e-84dc-177f732c5ba0,CUL-2019-0045,II Festival Cultura de Fronteira  - Etapa Campus Passo Fundo,ADELMIR FIABANI,Passo Fundo,"LINGUÍSTICA, LETRAS E ARTES",Arte; Cultura; Festival; Fronteira,"Este projeto objetiva expressar através de múltiplas linguagens as diferentes manifestações artístico-culturais  da Universidade Federal da Fronteira Sul e promover um intercâmbio entre os campi, através do Festival Cultura de Fronteira. Em 2019, ocorrerá a segunda edição, cujo desenvolvimento tem como órgão executor a Pró-Reitoria de Extensão e Cultura (PROEC), representada pelas Coordenações Adjuntas de Extensão e Cultura dos campi. Trata-se de uma atividade pedagógica e institucional que visa contemplar ações de arte e cultura e que estão previstas como Atividades Curriculares Complementares nos Projetos Pedagógicos dos Cursos.",Evento,PROJETO_AGUARDA_CERTIFICACAO,2020-11-17
382b11f9-8695-42c5-bf5d-a5fdddde7893,CUL-2018-0006,Projeto sem título: Grupo de Teatro: Juventude e Cultura Popular,GRACIALINO DA SILVA DIAS,Laranjeiras do Sul,"LINGUÍSTICA, LETRAS E ARTES","Cultura Popular; Formação Humana; Realismo Artístico,; Teatro","O presente projeto de extensão tem como proposta proporcionar a vivência do teatro no âmbito da Universidade Federal da Fronteira Sul (UFFS) campus de Laranjeiras do Sul/PR, tanto de sua comunidade interna, alunos, professores e funcionários, bem como, de sua comunidade externa da Região da Cantuquiriguaçu, principalmente da sua rede de educação publica. De forma que, observa-se a ausência de práticas teatrais, sob a perspectiva teórica do realismo artístico, na Região e na instituição, tendo apenas um grupo associativo constituído para esta finalidade (Teatro Unificado de Laranjeiras do Sul - TULS). Neste caso, coloca-se como pertinente, o papel da universidade para fomentar a emergência de outros grupos de teatro e nesse intento, contribuir para o desenvolvimento humano em sua totalidade, ao abranger as facetas: pessoal, interpessoal, societária, filosófica, histórica, política, econômica e cultural. Através das manifestações de cunho artístíco, especificadamente, àquelas imbricadas nas entranhas das artes cênicas e sua constante teoria crítica, entre pesquisa e prática. Assim, o projeto tem como objetivo principal, a prática do teatro, por meio de oficinas presenciais a serem realizadas no Bloco A da UFFS - Laranjeiras do Sul/PR, da orientação de estudos não presenciais e de apresentações em escolas, eventos, empresas, instituições públicas, teatros e festivais. Espera-se impulsionar o desenvolvimento regional, em que, a comunidade crie o hábito e usufrua de seu direito fundamental de acesso à cultura, tal como, do direito à felicidade, ao encorajar-se pelos caminhos da expressão corporal e mental.",Projeto,PROJETO_PENDENCIA,2020-11-17
e41f9d24-40ef-46f9-8f41-ef64a1c5640e,CUL-2018-0027,Promovendo saúde no ambiente hospitalar por meio da música,JEANE BARROS DE SOUZA LIMA,Chapecó,CIÊNCIAS DA SAÚDE,Enfermagem; Müsica; Promoção da Saúde,"Trata-se de um projeto de cultura que tem como objetivo promover a saúde no ambiente hospitalar para pessoas  internadas no setor de oncologia, seus familiares, equipe de saúde, bem como  para pessoas em tratamento de radioterapia e quimioterapia, tendo a música como ferramenta de atuação.  As ações serão realizadas semanalmente nas terças-feiras fim de tarde, na Associação Hospitalar Lenoir Vargas Ferreira, no município de Chapecó-SC, atuando tanto no hospital adulto como no pediátrico. Para tanto, a equipe, formada por acadêmicos e docentes do Curso de Graduação em Enfermagem, da Universidade Federal da Fronteira Sul, campus Chapecó, realizarão ensaios durante todo o funcionamento do projeto, a fim de manter um repertório para a realização das atividades musicais no espaço hospitalar.  Os acadêmicos e docentes irão cantar músicas que serão selecionadas conforme a letra, com o apoio de dois violões e um violino, apresentando-se no hall das unidades de internação e também nos quartos dos pacientes que não poderão sair dos seus leitos, contando com o apoio da enfermeira gestora de cada unidade para selecionar as pessoas que precisarão receber visitas em seus quartos. As atividades musicais serão avaliadas pelos pacientes, seus familiares e também pela equipe multiprofissional. Pretende-se atender por volta de 100 pessoas semanalmente. Espera-se que as ações desenvolvidas por este projeto de cultura possam contribuir para a promoção da saúde das pessoas internadas, bem como de seus familiares e da equipe multiprofissional, aprimorando também a sensibilidade, criatividade, empatia e o desenvolvimento pessoal e profissional dos acadêmicos envolvidos.  Além disso, espera-se que por meio do desenvolvimento deste projeto de cultura, outros projetos de pesquisa possam desabrochar, a fim de divulgar evidencias científicas acerca da música como promotora da saúde no ambiente hospitalar.  ",Projeto,PROJETO_EXECUCAO,2020-11-17
da617e5d-a233-4690-a4a3-f30b51b4d593,CUL-2019-0038,PodUFFS - criação de um podcast para a Comunidade Acadêmica da UFFS Campus Chapecó,FERNANDO BEVILACQUA,Chapecó,CIÊNCIAS EXATAS E DA TERRA,comunicação; conhecimento; discussão; informação; podcast,"O PodUFFS é uma iniciativa dos discentes da universidade, junto com docentes que apoiaram a ideia, para trazer à comunidade acadêmica um meio de comunicação atual, o podcast, com informações e discussões relevantes no cenário universitário da UFFS-Chapecó. A finalidade do projeto é expor os acontecimentos do cotidiano da universidade, e assuntos relacionados a realidade da mesma; como por exemplo: publicações importantes de discentes e docentes, informações sobre os cursos ofertados pela universidade, divulgação de eventos, divulgação dos espaços físicos da universidade, divulgação de projetos presentes na universidade. Além disto, o projeto quer ajudar toda a comunidade acadêmica a desenvolver um pensamento mais crítico, visando que os alunos, professor e técnicos possam informar-se, refletir, e se desenvolver dentro da universidade.",Projeto,PROJETO_EXECUCAO,2020-11-17
4ef75803-5d12-4e4c-b7ac-0c770658b2dc,CUL-2020-0015,"Cinepsique: Imagens, espelhos e reflexões",VANDERLEIA LAODETE PULGA,Passo Fundo,"LINGUÍSTICA, LETRAS E ARTES",arte; cinema; psicologia; psiquiatria; saúde mental,"O presente projeto busca o uso do potencial de representação da arte para explorar as profundezas da mente e da subjetividade das pessoas. A partir das linguagens da arte, em especial, do cinema, onde temos um meio conciso e acessível, com grande variedade de temas retratados nas mais diversas formas, faremos debates temáticos relativos à saúde mental. Nesse projeto cultural, através da ação integrada com a  Liga de Saúde Mental (LISAM) – HCPF pretende -se oferecer a análise de produções cinematográficas como complemento ao ensino de transtornos psiquiátricos e questões relacionadas à saúde mental. Através de diferentes ângulos, filtros, ópticas e luzes,  junto com a LISAM apresentamos o projeto “Cinepsique: Imagens, espelhos e reflexões” como recurso de ensino e formação cultural adicional às atividades regulares, que além de contemplar os ligantes, se estende a toda comunidade interessada. Serão projetados filmes cuja temática demonstre relevância para os objetivos propostos, com a participação de convidados reconhecidos no âmbito profissional, que contribuirão relacionando seus conhecimentos e experiências ao tema abordado. As propostas de estudo serão direcionadas a explorar o conteúdo apresentado em diversos aspectos, instigando cada participante a refletir sobre sua subjetividade, e como ela afeta sua interpretação dos casos apresentados em relação ao conceito de normalidade.",Projeto,PROJETO_EXECUCAO,2020-11-17
c50bb44f-be7b-44d0-b202-f8bc08729278,CUL-2019-0021,Projeto sem tíMemória Organizacional: Construindo Identidades através da contação de historias de vida no trabalho tulo,LOUISE DE LIRA ROEDEL BOTELHO,Cerro Largo,CIÊNCIAS SOCIAIS APLICADAS,COOPERCAUN; memória organizacional; registros,"O presente projeto caracteriza-se pela produção de documentário cujo principal objetivo é compreender e apresentar os avanços e mudanças em face de uma cooperativa de catadores, por meio de sua memória organizacional. Neste sentido, serão realizados registros através de filmagens, fotografias, entrevistas. Tais registros têm como meta a construção e materialização de acontecimentos e marcos históricos importantes ao longo da formação e trajetória da Cooperativa de Trabalho de Catadores Unidos pela Natureza (COOPERCAUN), considerando sua relevância no contexto social através da geração de trabalho e renda para o município de Cerro Largo no Estado do Rio Grande do Sul. ",Projeto,PROJETO_EXECUCAO,2020-11-17
956c06ea-c28a-4026-913b-824834f3379b,CUL-2019-0013,Plantas que curam: experiências e organização de mulheres camponesas de Chapecó,JANE KELLY OLIVEIRA FRIESTINO,Chapecó,CIÊNCIAS DA SAÚDE,Fitoterapia; Plantas Medicinais; Práticas Integrativas e Complementa,"A criação desse evento cultural é baseada na Política Nacional de Práticas Integrativas e Complementares e na Política Nacional de Plantas Medicinais e Fitoterápicos. Tem o papel de esclarecer dúvidas a respeito do trabalho com plantas medicinais na Associação Pitanga Rosa de Chapecó, assim como entender o seu  processamento. Nesse contexto, de acordo com o preconizado pelas políticas supracitadas, tem o intuito de ampliar o conhecimento dos acadêmicos a respeito da utilização de plantas medicinais e fitoterápicos. Ademais, a atividade também tem o objetivo de promover aos estudantes um maior contato com a natureza, o que, muitas vezes, não é possível devido à grande quantidade de atividades que o acadêmico realiza em sua rotina de estudos, além de conhecer o patrimônio cultural existente no cotidiano das mulheres camponesas da região. A partir disso, espera-se, que através da vivência na propriedade da Associação Pitanga Rosa e do contato com a forma de utilização das plantas medicinais, os discentes possam conhecer os benefícios dessas práticas para o meio ambiente, sociedade e para empoderamento das mulheres. ",Evento,AGUARDA_PUBLICACAO,2020-11-17
c50385a2-d199-4723-897d-1b4f8a50c8e7,CUL-2020-0010,Grupo teatral CON.T.R.A.C.A.P.A,SOLANGE LABBONIA,Chapecó,"LINGUÍSTICA, LETRAS E ARTES",Artes Cênicas; Ensino dramatizado; Teatro,"O presente projeto objetiva a criação e a manutenção do grupo de teatro do curso de Letras da UFFS, campus Chapecó. Inicialmente composto por 9 alunos e 1 docente, o grupo CON.T.R.A.C.A.P.A (Conjunto Teatral de Rompimentos Artísticos Criativos e Atrevimentos Processuais Amadores) integra estudos de teoria teatral, história do teatro, abordagens e metodologias de encenação, montagens de peças e de performances (tanto de dramaturgos como autorais de integrantes do grupo) e apresentações em diversos espaços (institucionais e não-institucionais), sendo também uma atividade extensionista do curso, já que envolverá público externo. Trata-se de um grupo de experimentações cênicas, o que significa que não há necessidade de conhecimentos ou experiências prévias sobre teatro para poder integrar o elenco, bem como estuda-se e pratica-se sob diferentes abordagens teóricas e metodológicas, a fim de que os integrantes possam identificar com quais linhas têm mais afinidades. Além disso, propõe-se uma vinculação das atividades do grupo com as PCCs (Práticas como Componente Curriculares) de alguns componentes curriculares do curso de Letras e com algumas ações do PET (Programa de Educação Tutorial).. As atividades do grupo também prevê análise e escritura de textos dramáticos, constituindo uma oportunidade para aproximação com um gênero pouco estudado no curso de Letras. Há, ainda, espaço para montagens em espanhol, o que promoverá não só um maior contato com a língua mas também com as culturas de países hispanofalantes. Ocasionalmente o grupo também poderá ofertar oficinas para os demais membros da comunidade acadêmica, envolvendo docentes e discentes de outros cursos de Licenciaturas, com o objetivo de levar aos docentes (ou futuros docentes) o teatro como ferramenta pedagógica.",Projeto,PROJETO_EXECUCAO,2020-11-17
8afa80b4-1cf6-42a8-b8f5-729bdc6bc8df,CUL-2019-0028,(En)cenando Enferma-Ria: a palhaçaria como ferramenta na promoção  da saúde da criança e do adolescente hospitalizado ,CRHIS NETTO DE BRUM,Chapecó,CIÊNCIAS DA SAÚDE,Ludoterapia; Saúde da criança; Saúde do adolescente; Teatro,"Acredita-se que o ambiente hospitalar seja um espaço privilegiado para a promoção da saúde, especificamente, a fim de despertar a consciência das crianças e dos adolescentes para que se tornem protagonistas de sua saúde. Tem-se, a partir do lúdico, mediante a linguagem teatral a partir da palhaçaria, enriquecer as ações educativas, na medida em que se trata de adequado instrumento de comunicação e aprendizado. Objetivo: Promover a saúde das crianças e dos adolescentes que vivenciam o processo de hospitalização por meio da palhaçaria como ferramenta na utilização da linguagem teatral. ",Projeto,PROJETO_EXECUCAO,2020-11-17
8858bd97-48fd-412b-9bdb-aa69fa0dc1c1,CUL-2018-0023,CRIAÇÃO DE JINGLE PARA PROMOVER O CAMPUS CHAPECÓ,JOSIANA SALETE KEMPKA,Chapecó,"LINGUÍSTICA, LETRAS E ARTES",ENEM; INGRESSO; JINGLE; MÚSICA,CRIAR UM JINGLE PARA QUE POSSA SER UTILIZADO NA DIVULGAÇÃO DO CAMPUS CHAPECÓ JUNTO AS ESCOLAS DA REGIÃO E COMUNIDADE EXTERNA.,Projeto,PROJETO_EXECUCAO,2020-11-17
5618e9fe-a4e3-466f-ba9b-dd49d4ab4bdd,CUL-2020-0012,CUL-2019-0034,MARCELA ALVARES MACIEL,Erechim,CIÊNCIAS SOCIAIS APLICADAS,Arte Sonora; Lei Aldir Blanc; Musicoterapia,"A partir de uma apropriação prática do conceito de paisagem sonora, no presente trabalho propõe-se a desenvolver arranjos culturais no campus Erechim denominados Fronteiras Sonoras. Os arranjos culturais desenvolvidos pelo coletivo Sinfonia na Cidade envolverão processos de co-criação entre os discentes e divulgação no formato de mostras e oficinas. Utilizando técnicas de arte sonora como campo expandido, as propostas ações culturais no campus Erechim pretendem a promoção de um espaço coletivo de experiências sonoras, como estratégia inovadora para a transformação social.",Programa,AGUARDA_PUBLICACAO,2020-11-17
79079c4c-2b7d-4969-913e-46b1a5de99f8,CUL-2019-0001,III CURSO DE TEATRO EM STANISLAVISKI para multiplicadores de arte educação – “A preparação do ator”. II FESTIVAL DE TEATRO DE CENAS CURTAS (aberto ao público).,MARTINHO MACHADO JUNIOR,Laranjeiras do Sul,"LINGUÍSTICA, LETRAS E ARTES",arte-educação; Stanislaviski; Teatro,"O presente projeto tem por objetivo formar anualmente profissionais que atuam nas áreas da educação, da saúde e do serviço social  e que sejam vinculados às instituições de Laranjeiras do Sul e região da Cantuquiriguaçu, fazendo-se uso do teatro como principal instrumento para promover a constituição de perspectivas educativas  para  suas entidades, tais como: escolas, entidades sociais, grupos de crianças e adolescentes em risco social e econômico. O teatro na prerrogativa da formação do ator com o moderno método em Stanislaviski para constituição de habilidades técnicas, tal como ação física, emotiva, atenção, comunhão, e seu estado interior de criação. Além disso, fornece instrumentos tanto para a atuação junto ao público como arte-educador, quanto para a realização de práticas para o desenvolvimento de habilidades básicas de atuação e direção teatral. Para apresentar os resultados do processo de formação, projeta-se um dia de amostra, denominado de “II FESTIVAL DE CENAS CURTAS”, a fim de envolver escolas, entidades e parceiros institucionais para prestigiar e ampliar as possíveis novas parcerias. Nessa última da proposta, pretende-se viabilizar a participação de grupos de teatro, de atores/atrizes amadores ou profissionais autônomos, para que façam uso do espaço cênico e promover o intercâmbio da arte em Laranjeiras do Sul e região, sem haver custo institucional à UFFS, apenas através das possibilidades de autofinanciamento e patrocínios. ",Evento,PROJETO_FINALIZADO,2020-11-17
42c367ad-e464-4b3d-af6f-8d65e508c181,CUL-2019-0010,coletividades em arte: experiências cênicas e invenção de realidades,UBI GARCIA VIEIRA,Chapecó,"LINGUÍSTICA, LETRAS E ARTES",artes cênicas; espaços educativos não escolares; formação de professoras/es; invenção de realidades,"
Resumo da Proposta:
Através deste projeto proponho a realização de um evento sobre ensino e aprendizado de artes cênicas (dança, teatro e performance) com foco para a experiência coletiva e a invenção de realidades. O objetivo é que o evento contribua para a formação em cultura da comunidade universitária vinculada às licenciaturas na UFFS, campus Chapecó, especialmente aquela vinculada ao PIBID e à Residência Pedagógica e que possa também atender interesses de formação da classe artística chapecoense. Desta forma, o projeto irá promover a articulação da formação nos cursos de licenciatura da UFFS com a formação cultural em espaços educativos não escolares, atendendo objetivos da Política Institucional da UFFS para Formação Inicial e Continuada de Professores da Educação Básica (Res nº 2/CONSUNI CGAE/UFFS/2017, art. 2 inciso V). Irá também ampliar e permitir o acesso às artes cênicas para a comunidade chapecoense e promover a prática de artes cênicas na cidade, conforme as diretrizes orientadoras da Política de Cultura da UFFS (item 1.2 do Anexo I da Res. 02/CONSUNI CPPGEC/2016). Para a realização do evento está prevista uma rede de colaboração envolvendo a diretoria de arte e cultura PROEC/UFFS o PIBID e Residência Pedagógica PROGRAD/UFFS, o projeto Andanças Poéticas na Cidade de Florianópolis e a Lenitiva Produção Cultural. O evento está articulado ao curso de extensão “corpórea contato improvisação” que eu mesmo estou coordenando. Como resultado espera-se a certificação de 120 participantes incluindo 4 mediadores do evento. ",Evento,AGUARDA_PUBLICACAO,2020-11-17
e2181310-45b4-42d7-aad8-83101c9069c0,CUL-2018-0002,"Comunidades Quilombolas do Rio Grande do Sul:  História, cultura, saberes e práticas populares em cuidado em saúde. (2ª edição).",ADELMIR FIABANI,Passo Fundo,CIÊNCIAS HUMANAS,Comunidades Tradicionais; Cultura; Medicina Popular,"Este projeto visa produzir um documentário sobre as comunidades quilombolas Costaneira e Capão dos Lopes, ambas no município de Fortaleza dos Valos-RS, e comunidade Vila Rocha (Vila Lângaro-RS), tendo como enfoque os saberes populares sobre medicina e cuidados em saúde existentes nas referidas comunidades. Pretende-se coletar dados referentes à história, cultura, indicadores de saúde e conhecimento popular medicinal. O curso de Medicina da UFFS campus Passo Fundo tem interesse em conhecer tais aspectos das comunidades quilombolas com o objetivo de conhecer e registrar como estas comunidades cuidam da saúde a partir do uso de chás, ervas e raízes, além de avaliar as condições de saúde dessas populações. O resultado será a produção de um acervo sobre os saberes deste segmento social, em forma de livro, juntando o conhecimento popular com conhecimento médico baseado em evidência científica, de forma a proporcionar um cuidado eficiente e que respeite a cultura e a individualidade dessas pessoas.",Projeto,PROJETO_FINALIZADO,2020-11-17
456d3576-0129-4c53-928d-ae20e251dca9,CUL-2019-0003,Hora do Mate: Integração e Resgate,CRISTIAN RICARDO DE OLIVEIRA CASTRO PAZINI ; DEISE MARIA BOURSCHEIDT,Laranjeiras do Sul,"LINGUÍSTICA, LETRAS E ARTES",comunidade acadêmica e regional; mate; Resgate,"As pressões do dia a dia acabam tornando as tarefas mais árduas, reduzindo a convivência com  amigos e colegas, e dificultando a possibilidade de se estabelecer novas amizades. Percebendo isso, alguns acadêmicos da UFFS, campus Laranjeiras do Sul, sentiram a necessidade de promover encontros mensais, de modo a ampliar o convívio e cultivar algumas tradições.
Desta forma, este projeto visa promover encontros/rodas de mate, música e dança, de modo a resgatar as raízes regionais e integrar a comunidade acadêmica e regional.
",Projeto,PROJETO_EXECUCAO,2020-11-17
fa5f17aa-3a5a-48a8-8e49-96012541bf79,CUL-2018-0007,Grupo de Teatro La Broma,ANA CAROLINA TEIXEIRA PINTO,Realeza,"LINGUÍSTICA, LETRAS E ARTES",ENSINO; PERFORMANCE; TEATRO,"O Grupo de teatro La broma, em concordância com as diretrizes da COEPE, propõe a desenvolvimento de grupo de artes performáticas, apreciação de arte e formação de plateia. O grupo, que nasceu em 2011 do Projeto de Extensão Língua e cultura hispânica, conta com alunos da UFFS e da comunidade regional. Já realizou apresentações em várias cidades da região, em eventos nacionais e internacionais. As atividades que são desenvolvidas visam proporcionar outras possibilidades de reflexão a partir de diferentes linguagens, particularmente, aquelas vinculadas às artes cênicas. Neste edição a proposta é formação de grupo de teatro no ensino fundamental no Colégio Estadual Dom Carlos Eduardo no município de Realeza, também intervenções mensais na Casa Centro dia do Idoso, local de acolhimento e recreação de idosos, além de apresentações em eventos da UFFS e comunidade externa. O Projeto Grupo de Teatro La broma está inserido no Programa de Produção Cultural Joaninha ou o que é aprovado no edital 1098-GR-UFFS-2017.

",Projeto,PROJETO_AGUARDA_CERTIFICACAO,2020-11-17
af97e636-ed59-425c-9236-1dcf9d062430,CUL-2020-0006,Introdução aos estudos de gênero e história,SAMIRA PERUCHI MORETTO,Chapecó,CIÊNCIAS HUMANAS,Feminismos; Gênero ; Santa Catarina,"Esta ação de extensão tem por objetivo uma introdução aos conceitos de gênero e feminismos a partir de sua perspectiva histórica. Serão apresentados: o conceito de gênero enquanto categoria de análise útil aos estudos históricos e as pesquisas desenvolvidas na Universidade Federal da Fronteira Sul; uma introdução a história do feminismo no Brasil, através das chamadas “ondas feministas”; e, por fim, o resultado das pesquisas de mestrado e doutorado das Profsª Drsª Fernanda Arno e Valderiza Almeida Menezes, enfatizando estes conceitos enquanto categorias de análise relevantes aos estudos históricos.",Curso,PROJETO_AGUARDA_CERTIFICACAO,2020-11-17
9449b6d1-ec0e-4468-9a99-17615ff51dd7,CUL-2019-0008,corpórea contato improvisação,UBI GARCIA VIEIRA,Chapecó,"LINGUÍSTICA, LETRAS E ARTES",contato improvisação; dança; experimentação artística; formação cultural,"Propomos através do presente projeto a realização de um curso de formação e experimentação em Contato Improvisação - CI - que é uma dança cujo foco é a relação recíproca de duas ou mais pessoas que exploram improvisadamente as possibilidades de movimento da relação entre seus corpos em contato. Dadas a importância curativa, inclusiva, criativa e pedagógica deste tipo de prática corporal propomos fomentar a prática e a experimentação com CI na cidade de Chapecó, através de um curso de formação e experimentação. A rede de colaboração envolvida na execução do projeto cujo custo será pago com meus próprios recursos enquanto coordenador do projeto, inclui o projeto Andanças Poéticas na Cidade de Florianópolis, com um grupo de professoras e professores qualificados na prática de CI, o projeto Espaço-Criação do Sesc Santa Catarina que fornecerá o espaço para a realização do curso e a Lenitiva Produção Cultural encarregada da produção do curso como um todo, assim como da PROEC/UFFS, que ficará encarregada da formalização do projeto como uma atividade de extensão cultural e respectiva certificação de participantes e ministrantes. Espera-se como resultado da realização do projeto a certificação de no máximo 160 participantes de oficinas e 4 ministrantes de oficinas; o registro visual, audiovisual e na forma de caderno de campo para minha formação do coordenador e utilização como material de pesquisas futuras e elaboração de projetos futuros e a criação de um coletivo de praticantes de CI com continuidade de Jams e outros eventos relacionados à formação em CI.",Curso,AGUARDA_PUBLICACAO,2020-11-17
4fe4180f-0447-4e67-9b63-e0297da53900,CUL-2018-0033,Oficina de Tai chi chuan e Qigong (práticas de relaxamento da medicina tradicional Chinesa),ELISIANE DA SILVA QUEVEDO,Erechim,"LINGUÍSTICA, LETRAS E ARTES",Autoconhecimento.; Meditação. ; Relaxamento.," O Tai chi chuan é um arte marcial chinesa, também reconhecida como uma forma de meditação em movimento. Qigong (chi kung) significa literalmente “trabalho sobre o sopro vital”. O termo Qigong (trabalho sobre o sopro vital) pode ser aplicado a qualquer exercício que vise influenciar a circulação do sopro vital no corpo humano.
Ambas as práticas de relaxamento da medicina tradicional chinesa serão trabalhas nesta oficina que busca ofertar à comunidade interna e regional momentos de introspecção e autoconhecimento.",Evento,PROJETO_FINALIZADO,2020-11-17
103c6e33-f8eb-4591-a445-9b60915b136b,CUL-2018-0024,MediCine,LUCAS ROCHA DE ALVARENGA,Passo Fundo,"LINGUÍSTICA, LETRAS E ARTES",Cinema; Cultura; Educação,"O Projeto MEDICINE objetiva a interação cultural no âmbito dos servidores e discentes do Campus Passo Fundo e vem com o propósito de ofertar uma maior aproximação política, científica e cultural entre os participantes. O projeto exibirá filmes que inter-relacione com o processo de edução da comunidade acadêmica em temas afins e se desenvolve por meio da Assessoria de Comunicação e da Coordenação Adjunta de Extensão e Cultura da Universidade Federal da Fronteira Sul – Campus Passo Fundo. O projeto MEDICINE terá programação quinzenal durante o segundo semestre de 2018 e todo o ano de 2019 com propósito de mediação e debates. ",Projeto,PROJETO_EXECUCAO,2020-11-17
8de0a076-cecd-4a59-9edd-d30cdc832031,CUL-2019-0004,Cineclube Sudaca,ERIC DUARTE FERREIRA,Chapecó,"LINGUÍSTICA, LETRAS E ARTES",América Latina; Cineclubismo; Hispanofonia,"O projeto Cineclube Sudaca tem como objetivo exibir obras cinematográficas autorais com a temática política, cultural e social da América Latina ou de países de língua espanhola. Pretende-se, a partir da atividade, mobilizar o cinema como propulsor de debates e de rodas de conversa, despertando no público a sensibilidade e a percepção da importância do audiovisual como ferramenta crítica e de aproximação cultural. Metodologicamente, o projeto se estrutura em torno do planejamento, da preparação e da execução de dez exibições cinematográficas por ano letivo. A escolha das obras a serem exibidas ficará a cargo da equipe de trabalho do projeto e se pautará por fatores como a relação entre o tema dessas obras e as disciplinas das humanidades presentes no domínio comum dos currículos dos cursos da UFFS. A realização deste Projeto será uma oportunidade para os estudantes complementarem sua passagem pela universidade, por meio de atividades culturais e multidisciplinares que visam à formação humana e cidadã. Além disso, devido à escassez de espaços na região para a exibição de obras audiovisuais denominadas “não comerciais”, a atividade cineclubista dentro do campus Chapecó contribuirá para a formação de público apreciador desse tipo de obra.",Projeto,PROJETO_EXECUCAO,2020-11-17
dc0ab5ed-f0e6-4c06-bb41-a63d171f7d68,CUL-2020-0008,"II Ciclo - Mente, Corpo e Arte : o impacto da saúde no desenvolvimento criativo. II Ciclo de Lives em Humanidades e Comunicação em Saúde – UFFS ",AGNES DE FÁTIMA PEREIRA CRUVINEL,Chapecó,"LINGUÍSTICA, LETRAS E ARTES",Comunicação em Saúde; Humanidades Médicas; Humanização em Saúde; Medicina Narrativa,"O evento tem o intuito de contribuir culturalmente para a compreensão e associação da literatura, narrativas, poesias, cinema entre outras formas de arte para o aprendizado de uma comunicação profissional-paciente mais eficiente e humanizada. A proposta conta com a apresentação de 5 lives com temas envolvendo humanidades médicas e comunicação em saúde. As lives ocorrerão uma vez por semana, totalizando 5 encontros virtuais em 5 semanas. Cada encontro virtual (“lives”) terá a duração de 2h. Para cada “live/encontro cultural” foi convidado um professor de instituição pública de ensino (UERJ, USP, UFBA, UFSC) para promover o debate e discussões sobre a temática de comunicação em saúde e o envolvimento do ensino com as artes. Os estudantes participantes de cada “live” serão instigados a compartilharem suas experiências com leituras de livros, poesias, músicas e pinturas significativas para a mudança e transformação quanto ao olhar sobre a relação profissional da saúde-paciente, cuidado e comunicação em saúde. Espera-se, com isso, construir também uma rede de compartilhamento de experiências e aprendizados humanizados por meio das artes. Além disso, essa atividade prevê reflexões relacionadas à medicina narrativa agregada à prática médica na atualidade. O projeto faz uso de plataformas digitais que permitem a execução das atividades de forma lúdica, criativa e interativa. Durante cada “live cultural” os participantes poderão fazer questionamentos e contribuições em tempo real com os mediadores convidados, uma vez que a discussão acerca da arte e sua relação com a comunicação em saúde é fundamental para formação acadêmica. O evento contendo 05 lives culturais será também ofertado para qualquer membro da comunidade externa a UFFS. 
As atividades serão mediadas pelos professores: 
(1)	Profa Dra Eloisa Grossman (Faculdade de Medicina, UERJ) com a temática “Voz do paciente: as narrativas em primeira pessoa” no dia 26.06.2020. 
(2)	Profa Dra Suely Grosseman (Curso de Medicina, UFSC) com a temática “A arte na comunicação profissional-paciente” no dia 02.07.2020.
(3)	Prof. Ms Áureo Lustosa Guerios (Doutorando em Humanidades Médicas- Universidade de Pádua, Itália) com a temática “Literatura e Pintura sobre o controle do corpo feminino: a medicina e s mulheres no século XIX” no dia 10.07.2020.
(4)	Profa Dra Camila Vasconcelos (Faculdade de Medicina – UFBA) com a temática “História sobre a judicialização da medicina: redução de conflitos por meio da comunicação e empatia” no dia 17.07.2020.
(5)	Prof. Dr. Ricardo Henrique Alves da Silva (USP – Ribeirão Preto) com a temática “O que a arte e literatura nos ensina sobre ética, comunicação e propaganda em saúde” no dia 24.07.2020.
  Em todas as atividades acima, buscamos o apoio e construção dos debates com o conhecimento na Medicina Narrativa.",Evento,PROJETO_EXECUCAO,2020-11-17
19d7c10c-7946-4d4b-b188-685604138a84,CUL-2019-0049,Mulheres negras na literatura,ANA VICTORIA GOMES DA SILVA,Chapecó,"LINGUÍSTICA, LETRAS E ARTES",Arte; Cultura; Exposição; Literatura; Mulheres negras,"Realização de uma exposição com início no dia 22/11 até 30/11, composta por varal de poesias (com algumas poesias, citações e fotos das autoras), reprodução de imagens e vídeos no projetor, livros no carrinho para amostra e cortina de abayomis. O ambiente será decorado e serão colocados tatames para comodidade dos participantes. A abertura da exposição acontecerá no dia 22/11 com a contribuição de uma fala de aproximadamente duas horas sobre o tema da exposição, pintura ao vivo e apresentação musical. ",Evento,PROJETO_AGUARDA_CERTIFICACAO,2020-11-17
d1f4a532-6aae-4877-bca7-294dd32fbc8d,CUL-2018-0028,Coral UFFS Campus Passo Fundo,GABRIELI VARGAS ,Passo Fundo,"LINGUÍSTICA, LETRAS E ARTES",Coral; Inclusão; Música; Socialização,"Fundar o Coral da UFFS Campus Passo Fundo, contemplando todos os servidores e acadêmicos do campus, bem como qualquer pessoa da comunidade externa que tenha interesse em fazer parte deste projeto.  

Colaborador externo: Terezinha Vargas (Maestrina) CPF: 202.987.140-00. 

Para melhor organização, o coral necessitará de um armário para o armazenamento de seus materiais, bem como instrumentos. 

Além disso, necessitará de transporte, fornecido pelo campus, em caso de apresentações fora do campus Passo Fundo. ",Projeto,PROJETO_EXECUCAO,2020-11-17
2deb9477-f5c9-4c60-9b1b-ff18aa9c0016,CUL-2018-0035,Que som é esse,ELISIANE DA SILVA QUEVEDO,Erechim,"LINGUÍSTICA, LETRAS E ARTES",Histórias ; Música; Musicalidade; Som; Vivências ,"Todo o som tem uma história que marca vidas, nem sempre da mesma  maneira. 
É um apelo sensorial que ficou marcado na memória de cada  um de forma singular, única.
O Que som é esse é um evento que busca tratar da diversidade musical presente no mundo e da  importância da música na vida das pessoas. A proposta é que, a cada sessão, um convidado fale de um estilo de música e de como esse estilo marcou a sua vida. No Que som é esse, pessoas irão se reunir para ouvir música, para falar de música, para refletir sobre música.
A cada semana, uma pessoa (seja ela aluno, professor ou convidado externo)
vai contar a sua história com aquele som e abrir o gancho para muitas outras histórias.
Esse é um encontro que vai aliar emoção e reflexão sobre o som.
",Evento,PROJETO_FINALIZADO,2020-11-17
a6dfb386-941b-486c-93d2-c39ac3330e58,CUL-2018-0009,Educação Musical,MARTINHO MACHADO JUNIOR,Laranjeiras do Sul,"LINGUÍSTICA, LETRAS E ARTES",Cultura; Música; Socialização,"A cultura encontra-se relacionada com todas as esferas da vida social e cotidiana de determinado grupo. Através da cultura, em especial a música, tem-se a oportunidade de integrar pessoas de diferentes etnias, níveis de escolaridade e posição social, sendo um instrumento que permite superar barreiras e quebrar  preconceitos. Desde 2013, através do Projeto de Educação Musical da Universidade Federal da Fronteira Sul (UFFS), campus Laranjeiras do Sul, busca-se formar, informar, integrar e interagir a comunidade interna e externa da UFFS. Neste sentido, este projeto tem por objetivo desenvolver um conjunto de ações na forma de capacitação aos bolsistas e voluntários, apresentações musicais abertas ao público, oferta de aulas teóricas e práticas de instrumentos musicais tais como o violão, a viola caipira e o contrabaixo aos acadêmicos da Universidade Federal da Fronteira Sul (UFFS), campus Laranjeiras do Sul, aos estudantes atendidos pelos Colégios Laranjeiras e Gildo Aluísio Schuck e à Juventude  da Associação de Pequenos Produtores do Recanto da Natureza – Terra Livre. Através do desenvolvimento deste Projeto de Educação Musical, pretende-se possibilitar aos envolvidos o acesso ao conhecimento e desenvolvimento musical,  à participação das atividades e projetos culturais, à integração dos cursos e setores da UFFS e da universidade com a comunidade regional de Laranjeiras do Sul-PR.",Projeto,PROJETO_AGUARDA_CERTIFICACAO,2020-11-17
97c3a91d-adb4-4efb-a0b3-519431190e96,CUL-2019-0002,"I Workshop de Karatê Shotokan. Ciência, Cultura e arte unindo UFFS e Laranjeiras do Sul.",MARTINHO MACHADO JUNIOR,Laranjeiras do Sul,"LINGUÍSTICA, LETRAS E ARTES",arte-educação; esporte; Karatê; Shotokan,"O presente projeto tem por objetivo difundir o Karatê-Do e promover anualmente o encontro de profissionais que atuam nas áreas da educação, da saúde e do serviço social e que sejam vinculados às instituições de Laranjeiras do Sul e região da Cantuquiriguaçu, fazendo-se uso do Karatê-Do como principal instrumento para promover a constituição de perspectivas educativas  para  suas entidades, tais como: escolas, entidades sociais, grupos de crianças e adolescentes em risco social e econômico e outros. A arte marcial japonesa, aqui em especifico o Karatê- Do para constituição de habilidades técnicas, físicas e meditativas como ação física das práticas com olhar para as bases e estudos do que concerne aos materiais do Mestre Funakoshi, Nakayama e Nishiyama, podendo ser de documentários a livros e estudos de estudiosos e pesquisadores da área, promovendo o dialogo entre instituições, como aqui Universidades, federações, entidades locais e aporte de comissões de estudos, aqui em especial a comissão científica da CBKT (Confederação Brasileira de Karatê Tradicional). Além disso, fornece instrumentos tanto para a atuação junto ao público como arte-educador-esportivo, quanto para a realização de praticas para o desenvolvimento de habilidades básicas. Para apresentar os resultados do processo de formação, projeta-se um momento de relatos de experiências de cunho pedagógico, a fim de envolver escolas, entidades e parceiros institucionais para prestigiar e ampliar as possíveis novas parcerias. Nessa última da proposta, pretende-se viabilizar a participação de academias de Karatê, de distintas filiações ou profissionais autônomos, para que façam uso do espaço e promover o intercâmbio da arte-cultura-esporte em Laranjeiras do Sul e região, sem haver custo institucional à UFFS, apenas através das possibilidades de autofinanciamento e patrocínios.",Evento,PROJETO_FINALIZADO,2020-11-17
70c52eec-2b64-4820-9933-d1dbbfa3f384,CUL-2018-0020,Cine Saúde da Mulher,MAIRA ROSSETTO,Chapecó,CIÊNCIAS DA SAÚDE,Cultura; Enfermagem; Medicina; Saúde da Mulher,"O projeto Cine Saúde da Mulher possui o intuito de contribuir culturalmente com a compreensão do papel feminino na história e no processo biopsicossocial da saúde. O projeto faz uso da mídia cinematográfica para criar um espaço lúdico onde possa haver maior apropriação do conhecimento a ser discutido e um acesso dos participantes a filmes relevantes para a formação acadêmica. Cada sessão contará com a projeção de um filme e posterior discussão do mesmo envolvendo os fatores relacionados à história e saúde das mulheres. As sessões ocorrerão num espaço central, preferencialmente no Campus da UFFS. Docentes poderão ser convidados a fazer parte da roda de conversa para contribuir com a discussão sobre filmes projetados. A proposta busca fomentar a cultura e o empoderamento feminino, assim o acesso à arte cinematográfica é ampliado e as consequentes discussões são facilitadores do processo de crescimento pessoal dos participantes, a medida que estimulam a reflexão sobre ações e pensamentos da sociedade atual.",Projeto,AGUARDA_PUBLICACAO,2020-11-17
2f619984-fe19-4d86-a761-aa52f7ec315d,CUL-2018-0017,Ela dança eu danço: cultura e saúde na UFFS,DANIELA SAVI GEREMIA,Chapecó,CIÊNCIAS DA SAÚDE,Cultura; Dança; Enfermagem; Política de saúde; Promoção da saúde,"Este projeto está fundamentado na Política Nacional de Promoção da Saúde (PNPS) e política de cultura nacional e da UFFS. Trata-se de um projeto que aborda cultura e saúde e se define como determinante social de saúde, reafirmando a dança como importante atividade na melhoria das condições de saúde e bem-estar dos indivíduos e populações. A dança pode promover a melhoria na autoestima e redução da timidez, aumento da sensação de bem-estar e da capacidade de superação, melhora nos relacionamentos interpessoais, maior rendimento acadêmico, aumento no cuidado com o corpo, acesso a atividade física e valorização da diversidade cultural. Este projeto tem no escopo de seus objetivos o intuito de integrar ensino, pesquisa, extensão e cultura. Serão realizadas 08 aulas-oficinas de dança na UFFS campus Chapecó-SC, com 30 vagas disponibilizadas em cada. Além disso, será realizado um evento de apresentação das danças na I Mostra de experiências exitosas em saúde vinculadas ao projeto de extensão “Políticas Públicas em defesa do direito à Saúde: um compromisso da Universidade com a Sociedade”. O projeto de cultura busca estimular a integração entre os discentes e servidores docentes e técnicos administrativos, além dos aspectos de promoção de saúde e cultura.",Projeto,PROJETO_FINALIZADO,2020-11-17
990e7ebe-6674-4dc1-a244-f0d65901a56d,CUL-2019-0044,II Festival de Cultura de Fronteira - Etapa Campus Laranjeiras do Sul,CRISTIAN RICARDO DE OLIVEIRA CASTRO PAZINI,Laranjeiras do Sul,"LINGUÍSTICA, LETRAS E ARTES",Cultura; Festival; Fronteira,"No ano de 2017 ocorreu o I Concurso Cultural da UFFS contemplando as modalidades de Contos e Fotografias. Em 2018, buscando contemplar uma diversidade maior de linguagens artístico culturais e um intercâmbio entre os Campi, ampliou-se para o I FESTIVAL CULTURA DE FRONTEIRA. Em 2019, ocorre o II Festival Cultura de Fronteira, com desenvolvimento por meio da Pró-Reitoria de Extensão e Cultura (PROEC). Trata-se de uma atividade pedagógica e institucional, que visa contemplar ações de arte e cultura, e que estão previstas como Atividades Curriculares Complementares nos Projetos Pedagógicos dos Cursos",Evento,PROJETO_FINALIZADO,2020-11-17
2ca61622-ca2f-4e9a-a71e-778ca0c4b09b,CUL-2018-0022,O cotidiano da amamentação como prática natural,KELLY CRISTINA BENETTI TONANI TOSTA,Chapecó,CIÊNCIAS DA SAÚDE,Aleitamento materno; Apoio Social; família; Fotografia; Rede social,"Os benefícios da prática do aleitamento materno para a saúde materno-infantil são indiscutíveis. Mesmo assim, no Brasil, os indicadores estão muito distantes do ideal. Nesse sentido, o presente projeto visa difundir o cotidiano da amamentação como prática natural, além de conscientizar a população sobre a importância da amamentação exclusiva até os seis meses de vida do bebê, sob livre demanda; informar sobre o modo como a amamentação está ligada à boa nutrição, segurança alimentar e redução da pobreza; divulgar imagens de mães reais amamentando seus filhos reais em locais públicos, considerando seus espaços de interação social e/ou profissional e promover ações que promovam, protejam e apoiem o aleitamento materno. Será realizada uma exposição fotográfica de mães reais amamentando seus filhos reais em locais públicos, bem como rodas de conversa e palestras com mulheres, tentantes, gestantes, puérperas, famílias, profissionais da saúde e sociedade. As atividades, inicialmente, acontecerão na Universidade Federal da Fronteira Sul-Campus Chapecó, podendo se estender a outros Campus. Também almeja-se realizar tais atividades em outros locais de grande circulação do município, tais como universidades, shopping, restaurante, centro da cidade, entre outros. Espera-se que as ações tenham potencial para melhorar indicadores de aleitamento materno exclusivo em crianças menores de seis meses de vida, bem como da amamentação complementada até os dois anos ou mais; além de sensibilizar e empoderar mulheres, famílias e sociedade quanto às questões ligadas à amamentação de forma a efetivar esta prática.",Projeto,PROJETO_FINALIZADO,2020-11-17
f25aeacc-e2e9-43b5-80d1-147bbd5eafbe,CUL-2018-0019,Musicalidade e Musicalização em espaços educativos: processos de emancipação cultural,MARIA LUCIA MAROCCO MARASCHIN,Chapecó,CIÊNCIAS HUMANAS,Educação Musical; Musicalidade; Musicalização,"Este projeto objetiva atuar em processos formativos iniciais de formação à docência com o propósito de desenvolver as habilidades musicais, a sonoridade, a educação auditiva entre as múltiplas possibilidades que circunscrevem a linguagem musical, como uma das linguagens culturais necessárias ao processo de alfabetização e de cidadania  da criança, tendo em vista a ampliação do seu repertório cultural, em decorrência do silenciamento desta singularidade nos espaços educativos e socioeducativos. A intencionalidade prioritária, desta proposição, objetiva formar e instrumentalizar os professores e os futuros professores para a musicalidade, a educação musical e a linguagem musical, tendo em vista o lastro que este referencial cultural possibilita na construção de repertórios formativos, necessários ao processo de desenvolvimento e aprendizagem da linguagem em destaque. Metodologicamente, serão realizados sistematicamente estudos relativos à música e ao seu uso em espaços formais e informais de ensino, com vivências atentando para as práticas, a construção de currículos e de exercícios,  mediados pela análise dos referenciais midiáticos propagadores de modelos e prática musicais, que subjugam a capacidade de pensar dos sujeitos crianças, adolescentes e jovens. Em razão disso, concebemos, em decorrência das diferentes vivências com a música, que a educação musical na escola, amplia a musicalidade, desenvolve a musicalização, os ritmos, a sonoridade, composição, apreciação, performance aquisição de habilidades técnico musicais, e particularmente a interdisciplinaridade, enfim a interação linguística com a linguagem musical, dentre outras possibilidades A partir disso, podemos dizer que a educação musical compreende diversas possibilidades, entre as quais podem ser identificadas de acordo com a intencionalidade e direcionamento que damos a esse campo de conhecimento",Projeto,PROJETO_AGUARDA_CERTIFICACAO,2020-11-17
ecc84472-3f59-4f51-993a-5fed540bd516,CUL-2018-0003,"Mudanças, vidas e as transformações socioambientais no município de Cerro Largo: análise do papel do Fórum de Gestão Socioambiental da ITCEES - UFFS e a questão da Gestão de Resíduos Sólidos Urbanos",LOUISE DE LIRA ROEDEL BOTELHO,Cerro Largo,CIÊNCIAS SOCIAIS APLICADAS, Catadores; Documentário; Fórum de Gestão ;  Resíduos Sólidos Urbanos; Transformação Social,"As Incubadoras Tecnológicas de Cooperativas Populares (ITCPs) têm como objetivo promover o
desenvolvimento local e sustentável através da assessoria sistemática às organizações e empreendimentos populares solidários. Elas buscam articular multidisciplinarmente áreas de
conhecimento de universidades brasileiras, com grupos populares interessados em gerar trabalho e renda. Além disso, as ITCPs atuam ainda com Tecnologias Sociais, e através delas objetivam a sustentabilidade social. A Incubadora Tecnossocial de Cooperativas e Empreendimentos Econômicos Solidários (ITCEES) é um laboratório multidisciplinar da UFFS-Cerro Largo que atua por intermédio da incubação de empreendimentos. Uma das áreas de atuação é a Educação Ambiental. Em 2016 a ITCEES criou o Fórum de Gestão Social, que busca através da discussão coletiva de vários atores sociais a resolução para um problema que assola o município de Cerro
Largo (RS), a questão dos Resíduos Sólidos Urbanos (RSU). O presente projeto caracteriza-se
pela produção de uma série de documentários cujo principal objetivo é compreender e apresentar as transformações sociais e ambientais causadas pelo trabalho do Fórum de Gestão
Socioambiental da ITCEES no município de Cerro Largo (RS) quanto a questão do “lixo”. Para
tanto, serão realizados registros através de filmagens, fotografias, entrevistas e mostras artísticas. Tais registros tem como meta a construção de um arcabouço histórico sobre a questão dos RSU, que há muito tempo tem sido objeto de debate na sociedade cerro larguense. Outro ponto de impacto deste projeto é a transformação social que está atualmente ocorrendo no município com a criação de uma Cooperativa de Catadores de Materiais Recicláveis Unidos pela Natureza (COOPERCAUN). Este projeto adotará a perspectiva interpretativista com abordagem qualitativa, já que objetiva realizar os registros a partir da visão dos envolvidos no processo (cooperados, professores, técnicos, alunos, parceiros e comunidade), em sintonia com o método de abordagem indutivo, sendo necessário para sua concepção a revisão bibliográfica e a análise documental como principais técnicas de coleta de dados, somada à observação das práticas sociais, políticas e ambientais no território em questão. Como resultados preliminares do trabalho da ITCEES no Fórum, pode-se destacar a implantação de projeto de educação ambiental em escolas municipais, elaboração de folder informativo sobre a coleta seletiva, retomada do projeto de reciclagem de gordura saturada, fundação da cooperativa de catadores, aquisição de equipamentos de proteção individual e cursos de instrução aos catadores e elaboração de relatórios técnicos visando a destinação final de RSU e o trabalho conjunto dos parceiros e da Prefeitura Municipal de Cerro Largo. O Fórum é constituído por diferentes atores sociais, todos eles empenhados na construção de alternativas para solucionar um problema coletivo do município. ",Projeto,PROJETO_AGUARDA_CERTIFICACAO,2020-11-17
2a94fe40-4777-4264-92e3-26bab9140090,CUL-2018-0036,VIVÊNCIAS EM MEDITAÇÃO E YOGA (2ª Edição),ELISIANE DA SILVA QUEVEDO,Erechim,"LINGUÍSTICA, LETRAS E ARTES",Meditação; Vivências; Yoga," A atividade busca introduzir o participante na prática da Meditação e da Yoga. Ambas técnicas trabalham com exercícios que auxiliam no desenvolvimento da concentração e no combate a ansiedade e ao stress, tão rotineiro na vida moderna, especialmente entre os mais jovens, como o publico universitário. Nesse sentido, a atividade busca ofertar a comunidade universitária um momento de “pausa”, de introspecção e relaxamento, na rotina de estudos e trabalho. Propiciando que a volta aos afares diários seja mais tranquila e serena. ",Evento,PROJETO_FINALIZADO,2020-11-17
126115df-7863-46ba-82a8-78c4247b258f,CUL-2019-0042,Palestra Viver em Portugal: experiências acadêmicas e culturais,ELISIANE DA SILVA QUEVEDO,Erechim,"LINGUÍSTICA, LETRAS E ARTES",Cultura; Experiência ; Portugal ,"O professor Luís Fernando Santos Corrêa da Silva está de volta à UFFS –Campus Erechim depois
de passar um ano como pesquisador visitante em um estágio pós-doutoral na Universidade de
Coimbra, em Portugal. Nesta palestra, ele relatará como foi a experiência de estudar e viver na
Europa, em um momento singular da história da brasileira, em que o mundo observa com atenção
os fenômenos políticos, sociais e culturais que polarizaram o país e levaram a eleição de Jair
Bolsonaro a Presidência da República.",Evento,PROJETO_FINALIZADO,2020-11-17
4c8cedc3-dc22-4b7f-8a15-9e68d4a82ae8,CUL-2019-0046,II Festival Cultura de Fronteira Etapa Campus Cerro Largo,DANUSA DE LARA BONOTTO,Cerro Largo,"LINGUÍSTICA, LETRAS E ARTES",Artes; Comunicação; Cultura; Educação,"O II Festival de Cultura é uma atividade pedagógica e institucional e visa contemplar ações de arte e cultura previstas nos Projetos Pedagógicos dos Cursos. Tem como objetivo promover o desenvolvimento artístico e cultural da comunidade acadêmica. Para tal serão permitidos manifestações nas modalidades áudio visual, literatura, fotografia, música, artes cênicas e dança. As inscrições são gratuitas e os trabalhos inscritos serão avaliados e selecionados por avaliadores designados pelas Comissões Locais de organização de cada Campus e na Etapa Geral, por avaliadores designados pela equipe responsável pela organização geral, com base nos critérios definidos no edital EDITAL Nº 1019/GR/UFFS/2019. Espera-se a divulgação da cultura local e também o favorecimento do intercâmbio entre artistas amadores e profissionais na universidade.",Evento,PROJETO_FINALIZADO,2020-11-17
